u,v,sim,source
Q2P__middle,Q3P__middle,0.5231740706938655,3_личное_содержание
Q2P__top,Q3P__top,0.5614402295336423,3_личное_содержание
Q5P__top,Q254P__top,0.6638754223593359,3_личное_содержание
Q6P__bottom,Q64P__bottom,0.5869949247118863,3_личное_содержание
Q6P__bottom,Q171P__bottom,0.6038869853395495,3_личное_содержание
Q6P__top,Q171P__top,0.5218097709579149,3_личное_содержание
Q15P,Q64P__top,0.5016256671369854,3_личное_содержание
Q15P,Q164__top,0.5044050130289118,3_личное_содержание
Q15P,Q169P__top,0.5625699105145414,3_личное_содержание
Q15P,Q170P__top,0.524188901415508,3_личное_содержание
Q15P,Q171P__top,0.5345218403479752,3_личное_содержание
Q15P,Q172P__top,0.5510422472411103,3_личное_содержание
Q15P,Q186__bottom,0.50644671046181,3_личное_содержание
Q18P,Q24P,0.7644687770759823,3_личное_содержание
Q19P,Q23P,0.547054277391356,3_личное_содержание
Q19P,Q26P,0.5347122536865457,3_личное_содержание
Q22P,Q24P,0.5089472423976374,3_личное_содержание
Q22P,Q151P,0.5053692634991389,3_личное_содержание
Q22P,Q167P,0.505718588465139,3_личное_содержание
Q23P,Q26P,0.5027046305652975,3_личное_содержание
Q29P__bottom,Q30P__bottom,0.502310642063518,3_личное_содержание
Q29P__bottom,Q31P__bottom,0.6656500727255665,3_личное_содержание
Q29P__middle,Q31P__middle,0.6822188060466308,3_личное_содержание
Q29P__top,Q31P__top,0.6798460746321238,3_личное_содержание
Q30P__bottom,Q31P__bottom,0.591932488351634,3_личное_содержание
Q30P__top,Q31P__top,0.5033253279142804,3_личное_содержание
Q33P__bottom,Q37P__bottom,0.5102494216806761,3_личное_содержание
Q34P__middle,Q39P__middle,0.5892947281280917,3_личное_содержание
Q34P__top,Q38P__top,0.5697632496094219,3_личное_содержание
Q38P__middle,Q40P__middle,0.5195816161762224,3_личное_содержание
Q38P__top,Q39P__top,0.5697723187537448,3_личное_содержание
Q38P__top,Q40P__top,0.5520992537984357,3_личное_содержание
Q39P__middle,Q40P__middle,0.5633496026783914,3_личное_содержание
Q39P__top,Q40P__top,0.6066048667439166,3_личное_содержание
Q40P__top,Q41P__top,0.5516715587237448,3_личное_содержание
Q44P__top,Q45P__top,0.6523398116982829,3_личное_содержание
Q45P__top,Q173P__top,0.6446924983506,3_личное_содержание
Q46P__middle,Q131P__middle,0.545807648456975,3_личное_содержание
Q46P__top,Q49__top,0.5114516672280229,3_личное_содержание
Q48__bottom,Q49__bottom,0.5100677042117295,3_личное_содержание
Q48__middle,Q49__middle,0.6355363881401618,3_личное_содержание
Q48__top,Q49__top,0.5426468070535867,3_личное_содержание
Q49__bottom,Q50__bottom,0.5215754923413567,3_личное_содержание
Q49__top,Q50__top,0.5308372868316451,3_личное_содержание
Q51P__bottom,Q52P__bottom,0.7816384694681948,3_личное_содержание
Q51P__bottom,Q53P__bottom,0.7876847440138387,3_личное_содержание
Q51P__bottom,Q55P__bottom,0.783370983935743,3_личное_содержание
Q52P__bottom,Q53P__bottom,0.7598257425742574,3_личное_содержание
Q52P__bottom,Q54P__bottom,0.6649069406132091,3_личное_содержание
Q52P__bottom,Q55P__bottom,0.7394005572708788,3_личное_содержание
Q52P__bottom,Q134P__bottom,0.6329224298586059,3_личное_содержание
Q52P__bottom,Q135P__bottom,0.6376389265383573,3_личное_содержание
Q52P__bottom,Q136P__bottom,0.623726534622744,3_личное_содержание
Q52P__bottom,Q138P__bottom,0.6572021556760905,3_личное_содержание
Q53P__bottom,Q55P__bottom,0.7062620073079773,3_личное_содержание
Q53P__bottom,Q134P__bottom,0.6340219378427788,3_личное_содержание
Q53P__bottom,Q136P__bottom,0.6044486529642213,3_личное_содержание
Q53P__bottom,Q138P__bottom,0.6437331737959916,3_личное_содержание
Q54P__bottom,Q55P__bottom,0.6260797509039775,3_личное_содержание
Q54P__bottom,Q134P__bottom,0.6139659839211409,3_личное_содержание
Q54P__bottom,Q136P__bottom,0.5966375905548398,3_личное_содержание
Q54P__bottom,Q138P__bottom,0.585834859463333,3_личное_содержание
Q59P__bottom,Q61P__bottom,0.5022328383009659,3_личное_содержание
Q59P__middle,Q60P__middle,0.6449498693090937,3_личное_содержание
Q59P__middle,Q75P__middle,0.5397627372122633,3_личное_содержание
Q60P__middle,Q75P__middle,0.5401578073089701,3_личное_содержание
Q61P__bottom,Q63P__bottom,0.5494241326109576,3_личное_содержание
Q61P__top,Q63P__top,0.5211786867599569,3_личное_содержание
Q62P__bottom,Q63P__bottom,0.652718738930216,3_личное_содержание
Q62P__middle,Q63P__middle,0.7177350359643841,3_личное_содержание
Q62P__top,Q63P__top,0.771718437477408,3_личное_содержание
Q64P__bottom,Q171P__bottom,0.5947390513502169,3_личное_содержание
Q64P__bottom,Q172P__bottom,0.5227732793522267,3_личное_содержание
Q64P__top,Q171P__top,0.5143223023522275,3_личное_содержание
Q65P__bottom,Q69P__bottom,0.5557025596716708,3_личное_содержание
Q66P__bottom,Q67P__bottom,0.637844471717059,3_личное_содержание
Q66P__bottom,Q68P__bottom,0.5097415284988556,3_личное_содержание
Q66P__middle,Q67P__middle,0.714864548972754,3_личное_содержание
Q66P__middle,Q68P__middle,0.5585652544939026,3_личное_содержание
Q66P__top,Q67P__top,0.748507017020006,3_личное_содержание
Q66P__top,Q68P__top,0.6361060681080486,3_личное_содержание
Q66P__top,Q71P__top,0.5901713902719264,3_личное_содержание
Q66P__top,Q73P__top,0.602173256866888,3_личное_содержание
Q67P__middle,Q68P__middle,0.5688523686097171,3_личное_содержание
Q67P__middle,Q77P__middle,0.5308796346634772,3_личное_содержание
Q67P__top,Q68P__top,0.6492673267326733,3_личное_содержание
Q67P__top,Q73P__top,0.5881861454324488,3_личное_содержание
Q67P__top,Q77P__top,0.6052111542121057,3_личное_содержание
Q68P__top,Q73P__top,0.5980587909040488,3_личное_содержание
Q68P__top,Q74P__top,0.6092423328538951,3_личное_содержание
Q69P__bottom,Q70P__bottom,0.7193344131939331,3_личное_содержание
Q69P__bottom,Q116__top,0.5610874549623321,3_личное_содержание
Q69P__middle,Q70P__middle,0.661563988652786,3_личное_содержание
Q69P__top,Q70P__top,0.5986998304126625,3_личное_содержание
Q70P__bottom,Q116__top,0.5370604604098154,3_личное_содержание
Q70P__middle,Q78P__middle,0.5353088320184722,3_личное_содержание
Q70P__middle,Q79P__middle,0.5137555817892522,3_личное_содержание
Q71P__bottom,Q72P__bottom,0.5852790283739923,3_личное_содержание
Q71P__bottom,Q73P__bottom,0.663767877014384,3_личное_содержание
Q71P__bottom,Q76P__bottom,0.5589285714285714,3_личное_содержание
Q71P__middle,Q73P__middle,0.6159267089499648,3_личное_содержание
Q71P__middle,Q74P__middle,0.5346585942305825,3_личное_содержание
Q71P__middle,Q76P__middle,0.5186826467922248,3_личное_содержание
Q71P__top,Q72P__top,0.561456825856247,3_личное_содержание
Q71P__top,Q115__bottom,0.5345994694960212,3_личное_содержание
Q71P__top,Q252__top,0.5570075530511929,3_личное_содержание
Q72P__bottom,Q73P__bottom,0.714860127843838,3_личное_содержание
Q72P__bottom,Q76P__bottom,0.5036257392283864,3_личное_содержание
Q72P__middle,Q73P__middle,0.6649728164358113,3_личное_содержание
Q72P__top,Q73P__top,0.6629814760364598,3_личное_содержание
Q73P__bottom,Q76P__bottom,0.559612518628912,3_личное_содержание
Q73P__top,Q74P__top,0.6355243886201234,3_личное_содержание
Q73P__top,Q76P__top,0.6246933196252074,3_личное_содержание
Q73P__top,Q113__bottom,0.5096370695868498,3_личное_содержание
Q73P__top,Q252__top,0.575348933282186,3_личное_содержание
Q74P__bottom,Q76P__bottom,0.5028471309680246,3_личное_содержание
Q74P__middle,Q76P__middle,0.5238157083022176,3_личное_содержание
Q74P__middle,Q77P__middle,0.503855455968132,3_личное_содержание
Q74P__middle,Q89P__middle,0.5015035590575159,3_личное_содержание
Q75P__bottom,Q80P__bottom,0.5179606736402957,3_личное_содержание
Q76P__top,Q77P__top,0.6484534129126995,3_личное_содержание
Q76P__top,Q89P__top,0.6299707805760401,3_личное_содержание
Q76P__top,Q224P__top,0.5142537313432836,3_личное_содержание
Q77P__middle,Q82P__middle,0.5137658771026433,3_личное_содержание
Q77P__middle,Q84P__middle,0.5181157046452205,3_личное_содержание
Q77P__middle,Q89P__middle,0.503962072468676,3_личное_содержание
Q77P__top,Q82P__top,0.6454637998580991,3_личное_содержание
Q77P__top,Q84P__top,0.6304699191858725,3_личное_содержание
Q77P__top,Q87P__top,0.6506129104813315,3_личное_содержание
Q77P__top,Q89P__top,0.6406617400067182,3_личное_содержание
Q78P__bottom,Q79P__bottom,0.6173442011395865,3_личное_содержание
Q78P__middle,Q79P__middle,0.5687348706841636,3_личное_содержание
Q78P__middle,Q80P__middle,0.5517823403451316,3_личное_содержание
Q79P__bottom,Q80P__bottom,0.7218256357329205,3_личное_содержание
Q79P__bottom,Q81P__bottom,0.6716300720675248,3_личное_содержание
Q79P__bottom,Q88P__bottom,0.6037724122929679,3_личное_содержание
Q79P__middle,Q80P__middle,0.7143837182712097,3_личное_содержание
Q79P__middle,Q81P__middle,0.6647678944248266,3_личное_содержание
Q79P__middle,Q88P__middle,0.6000528138020069,3_личное_содержание
Q79P__top,Q80P__top,0.6188625927234193,3_личное_содержание
Q79P__top,Q81P__top,0.5211010291699653,3_личное_содержание
Q80P__bottom,Q81P__bottom,0.7179000245037981,3_личное_содержание
Q80P__bottom,Q88P__bottom,0.61468888133288,3_личное_содержание
Q80P__middle,Q81P__middle,0.68187329493786,3_личное_содержание
Q80P__middle,Q88P__middle,0.5912084723632671,3_личное_содержание
Q80P__top,Q81P__top,0.585171568627451,3_личное_содержание
Q81P__bottom,Q88P__bottom,0.6185417997243605,3_личное_содержание
Q81P__middle,Q88P__middle,0.5966260378025083,3_личное_содержание
Q81P__top,Q88P__top,0.500225850164548,3_личное_содержание
Q82P__bottom,Q83P__bottom,0.6640969162995595,3_личное_содержание
Q82P__bottom,Q84P__bottom,0.5918648064452742,3_личное_содержание
Q82P__bottom,Q85P__bottom,0.5899718142708797,3_личное_содержание
Q82P__bottom,Q86P__bottom,0.5570355860267712,3_личное_содержание
Q82P__bottom,Q87P__bottom,0.5888038064084454,3_личное_содержание
Q82P__bottom,Q89P__bottom,0.5456991313705896,3_личное_содержание
Q82P__middle,Q83P__middle,0.6172300560169982,3_личное_содержание
Q82P__middle,Q84P__middle,0.5942306923968197,3_личное_содержание
Q82P__middle,Q85P__middle,0.55231363524287,3_личное_содержание
Q82P__middle,Q86P__middle,0.5877800581494783,3_личное_содержание
Q82P__middle,Q87P__middle,0.5500166583374979,3_личное_содержание
Q82P__middle,Q89P__middle,0.5731038878266411,3_личное_содержание
Q82P__top,Q84P__top,0.6915816915816916,3_личное_содержание
Q82P__top,Q85P__top,0.6879497538189623,3_личное_содержание
Q82P__top,Q86P__top,0.6696605056004439,3_личное_содержание
Q83P__bottom,Q84P__bottom,0.6256845732570303,3_личное_содержание
Q83P__bottom,Q85P__bottom,0.6380623325341983,3_личное_содержание
Q83P__bottom,Q86P__bottom,0.5881087063453025,3_личное_содержание
Q83P__bottom,Q87P__bottom,0.6121065375302663,3_личное_содержание
Q83P__bottom,Q89P__bottom,0.5783043317289893,3_личное_содержание
Q83P__middle,Q84P__middle,0.589136690647482,3_личное_содержание
Q83P__middle,Q85P__middle,0.5855517813413382,3_личное_содержание
Q83P__middle,Q87P__middle,0.5694826144103238,3_личное_содержание
Q83P__middle,Q89P__middle,0.5700787401574803,3_личное_содержание
Q83P__top,Q84P__top,0.7046893096668193,3_личное_содержание
Q83P__top,Q86P__top,0.6819463205497152,3_личное_содержание
Q84P__bottom,Q85P__bottom,0.6959653260246033,3_личное_содержание
Q84P__bottom,Q86P__bottom,0.6677561282212445,3_личное_содержание
Q84P__bottom,Q87P__bottom,0.7176998745626196,3_личное_содержание
Q84P__bottom,Q89P__bottom,0.6181107759802578,3_личное_содержание
Q84P__middle,Q85P__middle,0.6566966259024606,3_личное_содержание
Q84P__middle,Q86P__middle,0.6485380347093779,3_личное_содержание
Q84P__middle,Q87P__middle,0.6662550516389762,3_личное_содержание
Q84P__middle,Q89P__middle,0.6448895970862736,3_личное_содержание
Q84P__top,Q85P__top,0.7413326422483298,3_личное_содержание
Q84P__top,Q86P__top,0.740894646785627,3_личное_содержание
Q84P__top,Q89P__top,0.7298519141043847,3_личное_содержание
Q85P__bottom,Q86P__bottom,0.6432719010350921,3_личное_содержание
Q85P__bottom,Q87P__bottom,0.6808252427184466,3_личное_содержание
Q85P__bottom,Q89P__bottom,0.6434682964094729,3_личное_содержание
Q85P__middle,Q86P__middle,0.647860875244938,3_личное_содержание
Q85P__middle,Q87P__middle,0.6466688359228829,3_личное_содержание
Q85P__middle,Q89P__middle,0.6326398967908402,3_личное_содержание
Q85P__top,Q86P__top,0.7180433636279041,3_личное_содержание
Q86P__bottom,Q87P__bottom,0.6509059319930504,3_личное_содержание
Q86P__bottom,Q89P__bottom,0.5783094098883572,3_личное_содержание
Q86P__middle,Q87P__middle,0.629001578372253,3_личное_содержание
Q86P__middle,Q89P__middle,0.631440329218107,3_личное_содержание
Q86P__top,Q87P__top,0.708822974926161,3_личное_содержание
Q86P__top,Q89P__top,0.6914975995044138,3_личное_содержание
Q87P__bottom,Q89P__bottom,0.6721323162472375,3_личное_содержание
Q87P__middle,Q89P__middle,0.6768980949740584,3_личное_содержание
Q91,Q93,0.5334231919464218,3_личное_содержание
Q94R,Q171P__top,0.5164611413822771,3_личное_содержание
Q95R,Q96R,0.5440702781844803,3_личное_содержание
Q96R,Q101R,0.5076419772018607,3_личное_содержание
Q97R,Q100R,0.5113763521074226,3_личное_содержание
Q98R,Q99R,0.5075563159395494,3_личное_содержание
Q99R,Q101R,0.5279768786127168,3_личное_содержание
Q99R,Q102R,0.5354607162362487,3_личное_содержание
Q99R,Q103R,0.5331721538789732,3_личное_содержание
Q99R,Q104R,0.5476521028991425,3_личное_содержание
Q100R,Q101R,0.541044344100961,3_личное_содержание
Q101R,Q103R,0.5233163619532516,3_личное_содержание
Q102R,Q103R,0.5104895104895105,3_личное_содержание
Q102R,Q104R,0.5323813523729526,3_личное_содержание
Q103R,Q104R,0.5439083144755091,3_личное_содержание
Q109__bottom,Q110__bottom,0.6204105362014222,3_личное_содержание
Q113__middle,Q114__middle,0.6023789558681947,3_личное_содержание
Q113__middle,Q115__middle,0.6124825770481648,3_личное_содержание
Q113__top,Q114__top,0.5044382247101159,3_личное_содержание
Q113__top,Q115__top,0.5677254180334427,3_личное_содержание
Q114__bottom,Q115__bottom,0.7595979427644636,3_личное_содержание
Q114__middle,Q115__middle,0.5900559233785434,3_личное_содержание
Q114__top,Q115__top,0.580690205465789,3_личное_содержание
Q116__middle,Q117__middle,0.6902359152576355,3_личное_содержание
Q116__top,Q117__top,0.616351093497725,3_личное_содержание
Q122__top,Q123__top,0.6096608385947871,3_личное_содержание
Q122__top,Q127__top,0.5737514731879788,3_личное_содержание
Q123__top,Q127__top,0.6550489861436558,3_личное_содержание
Q124__bottom,Q126__bottom,0.6800295212855177,3_личное_содержание
Q124__bottom,Q128__bottom,0.5929093238237025,3_личное_содержание
Q124__bottom,Q129__bottom,0.5833333333333334,3_личное_содержание
Q124__middle,Q126__middle,0.5839560845096411,3_личное_содержание
Q124__middle,Q128__middle,0.5058953066935817,3_личное_содержание
Q124__middle,Q129__middle,0.5477519022365691,3_личное_содержание
Q126__bottom,Q128__bottom,0.5920775530670233,3_личное_содержание
Q126__bottom,Q129__bottom,0.5782388290193708,3_личное_содержание
Q126__middle,Q128__middle,0.5114496548440848,3_личное_содержание
Q126__middle,Q129__middle,0.5479994410545438,3_личное_содержание
Q128__bottom,Q129__bottom,0.5995412679640182,3_личное_содержание
Q128__middle,Q129__middle,0.5433665200277842,3_личное_содержание
Q132P__bottom,Q133P__bottom,0.6050891781506185,3_личное_содержание
Q132P__bottom,Q134P__bottom,0.5450881101883736,3_личное_содержание
Q132P__bottom,Q135P__bottom,0.5413568128185298,3_личное_содержание
Q132P__bottom,Q136P__bottom,0.5782340254577748,3_личное_содержание
Q132P__bottom,Q137P__bottom,0.6049624391318178,3_личное_содержание
Q132P__bottom,Q138P__bottom,0.5500109695047767,3_личное_содержание
Q132P__top,Q136P__top,0.5405009521019482,3_личное_содержание
Q132P__top,Q137P__top,0.5338424322914196,3_личное_содержание
Q133P__bottom,Q137P__bottom,0.5728057941226847,3_личное_содержание
Q134P__bottom,Q135P__bottom,0.7640164134232551,3_личное_содержание
Q134P__bottom,Q136P__bottom,0.7339817528108569,3_личное_содержание
Q134P__bottom,Q137P__bottom,0.6561154876959311,3_личное_содержание
Q134P__bottom,Q138P__bottom,0.7471273587743398,3_личное_содержание
Q134P__middle,Q135P__middle,0.5158343040186372,3_личное_содержание
Q135P__bottom,Q136P__bottom,0.7436043553475119,3_личное_содержание
Q135P__bottom,Q137P__bottom,0.6509150885281084,3_личное_содержание
Q135P__bottom,Q138P__bottom,0.7890883562330759,3_личное_содержание
Q135P__middle,Q138P__middle,0.5541058790969834,3_личное_содержание
Q136P__bottom,Q137P__bottom,0.7137821865766146,3_личное_содержание
Q136P__bottom,Q138P__bottom,0.7781024267510754,3_личное_содержание
Q136P__top,Q137P__top,0.6134514368112061,3_личное_содержание
Q137P__bottom,Q138P__bottom,0.7057957169015205,3_личное_содержание
Q139P,Q140P,0.6911048940328823,3_личное_содержание
Q142P__bottom,Q143P__bottom,0.668419313162876,3_личное_содержание
Q142P__bottom,Q146P__bottom,0.548198237756506,3_личное_содержание
Q142P__bottom,Q147P__bottom,0.5307752636012432,3_личное_содержание
Q142P__middle,Q143P__middle,0.5033085934006974,3_личное_содержание
Q142P__top,Q143P__top,0.6848879881689215,3_личное_содержание
Q142P__top,Q146P__top,0.5842848304179088,3_личное_содержание
Q142P__top,Q147P__top,0.5769961977186312,3_личное_содержание
Q142P__top,Q148P__top,0.6015747047428607,3_личное_содержание
Q143P__bottom,Q146P__bottom,0.5652360656820961,3_личное_содержание
Q143P__bottom,Q147P__bottom,0.5651758975877843,3_личное_содержание
Q146P__bottom,Q147P__bottom,0.789357051787991,3_личное_содержание
Q146P__middle,Q147P__middle,0.602626562169032,3_личное_содержание
Q149__c2,Q150__c2,0.5030729932657326,3_личное_содержание
Q152__c1,Q156__c1,0.6068441524416051,3_личное_содержание
Q158__bottom,Q159__bottom,0.5743068023139837,3_личное_содержание
Q158__middle,Q159__middle,0.6808879733282737,3_личное_содержание
Q158__top,Q159__top,0.7584906662418014,3_личное_содержание
Q158__top,Q163__top,0.5624704821604912,3_личное_содержание
Q159__top,Q163__top,0.5719908801514239,3_личное_содержание
Q160__bottom,Q161__bottom,0.5599021039750524,3_личное_содержание
Q160__top,Q161__top,0.5205158264947245,3_личное_содержание
Q164__bottom,Q169P__bottom,0.5520222656481317,3_личное_содержание
Q164__bottom,Q172P__bottom,0.5054991991457555,3_личное_содержание
Q165P,Q166P,0.7593073593073593,3_личное_содержание
Q165P,Q168P,0.8191269385410683,3_личное_содержание
Q169P__bottom,Q170P__bottom,0.5972907697154258,3_личное_содержание
Q169P__middle,Q170P__middle,0.6033502329405317,3_личное_содержание
Q169P__top,Q171P__top,0.5004185657148172,3_личное_содержание
Q171P__bottom,Q172P__bottom,0.666685368043088,3_личное_содержание
Q171P__top,Q172P__top,0.5481895633652822,3_личное_содержание
Q174__c2,Q175__c2,0.7779237629128414,3_личное_содержание
Q177__bottom,Q178__bottom,0.7892887582404202,3_личное_содержание
Q177__bottom,Q179__bottom,0.6969388543894457,3_личное_содержание
Q177__bottom,Q180__bottom,0.7248238826654348,3_личное_содержание
Q177__bottom,Q181__bottom,0.706757919647179,3_личное_содержание
Q177__bottom,Q190__bottom,0.6870849848149483,3_личное_содержание
Q177__middle,Q178__middle,0.5486533274286405,3_личное_содержание
Q178__bottom,Q179__bottom,0.7319453566268226,3_личное_содержание
Q178__bottom,Q180__bottom,0.7672769013421239,3_личное_содержание
Q178__bottom,Q181__bottom,0.7352409143233021,3_личное_содержание
Q178__bottom,Q183__bottom,0.6965477815070261,3_личное_содержание
Q178__bottom,Q190__bottom,0.6886910124038528,3_личное_содержание
Q179__bottom,Q180__bottom,0.8517849594589402,3_личное_содержание
Q179__bottom,Q181__bottom,0.9015088496141491,3_личное_содержание
Q179__bottom,Q187__bottom,0.7535631766141385,3_личное_содержание
Q179__bottom,Q189__bottom,0.9031531531531531,3_личное_содержание
Q179__bottom,Q191__bottom,0.8758426606971538,3_личное_содержание
Q179__bottom,Q192__bottom,0.9109781751249014,3_личное_содержание
Q179__bottom,Q194__bottom,0.8757066666666666,3_личное_содержание
Q179__middle,Q181__middle,0.5213190776761562,3_личное_содержание
Q180__bottom,Q181__bottom,0.8696728109366222,3_личное_содержание
Q180__bottom,Q187__bottom,0.7618604109668782,3_личное_содержание
Q180__bottom,Q189__bottom,0.8199633968767116,3_личное_содержание
Q180__bottom,Q190__bottom,0.6959299404206446,3_личное_содержание
Q180__bottom,Q191__bottom,0.8356005554581856,3_личное_содержание
Q180__bottom,Q192__bottom,0.8203044613882806,3_личное_содержание
Q180__bottom,Q194__bottom,0.8338058612171569,3_личное_содержание
Q180__middle,Q181__middle,0.5276541640178004,3_личное_содержание
Q181__bottom,Q187__bottom,0.7565334019752619,3_личное_содержание
Q181__bottom,Q189__bottom,0.8771321036756267,3_личное_содержание
Q181__bottom,Q190__bottom,0.691925333048277,3_личное_содержание
Q181__bottom,Q191__bottom,0.883356490140544,3_личное_содержание
Q181__bottom,Q192__bottom,0.8825056329305733,3_личное_содержание
Q181__bottom,Q194__bottom,0.8863231445910584,3_личное_содержание
Q182__top,Q185__top,0.553294210679652,3_личное_содержание
Q182__top,Q186__top,0.6058970099667774,3_личное_содержание
Q183__middle,Q184__middle,0.5148125633232016,3_личное_содержание
Q184__middle,Q188__middle,0.5061986007119185,3_личное_содержание
Q184__top,Q193__top,0.5295269659536005,3_личное_содержание
Q185__top,Q186__top,0.6893278708473614,3_личное_содержание
Q187__bottom,Q189__bottom,0.7617660151349601,3_личное_содержание
Q187__bottom,Q191__bottom,0.7689791021988358,3_личное_содержание
Q187__bottom,Q194__bottom,0.7647976403187838,3_личное_содержание
Q188__bottom,Q195__bottom,0.6522649334077678,3_личное_содержание
Q189__bottom,Q190__bottom,0.7169515195850236,3_личное_содержание
Q189__bottom,Q191__bottom,0.8893219121598255,3_личное_содержание
Q189__bottom,Q192__bottom,0.9132043527532393,3_личное_содержание
Q189__bottom,Q194__bottom,0.8742070417463088,3_личное_содержание
Q189__middle,Q192__middle,0.5080243941582411,3_личное_содержание
Q189__top,Q191__top,0.5309687665431445,3_личное_содержание
Q190__bottom,Q191__bottom,0.7242546333601934,3_личное_содержание
Q190__bottom,Q192__bottom,0.692483754702586,3_личное_содержание
Q190__bottom,Q194__bottom,0.6962358441703879,3_личное_содержание
Q191__bottom,Q192__bottom,0.8919451450189155,3_личное_содержание
Q191__bottom,Q194__bottom,0.9042974745360681,3_личное_содержание
Q191__middle,Q194__middle,0.5598357085070633,3_личное_содержание
Q191__top,Q192__top,0.5197092535644394,3_личное_содержание
Q192__bottom,Q194__bottom,0.8970535749692667,3_личное_содержание
Q192__middle,Q194__middle,0.5124706479659834,3_личное_содержание
Q196P__bottom,Q197P__bottom,0.598951656553571,3_личное_содержание
Q196P__top,Q197P__top,0.5111298957452803,3_личное_содержание
Q197P__bottom,Q198P__bottom,0.7262474814872962,3_личное_содержание
Q197P__middle,Q198P__middle,0.5473666913154219,3_личное_содержание
Q197P__top,Q198P__top,0.6712453923946946,3_личное_содержание
Q204P__bottom,Q206P__bottom,0.6707412877478554,3_личное_содержание
Q204P__bottom,Q207P__bottom,0.6195834398886142,3_личное_содержание
Q205P__top,Q206P__top,0.5734160679294579,3_личное_содержание
Q206P__bottom,Q207P__bottom,0.7440525253673649,3_личное_содержание
Q207P__top,Q208P__top,0.5765400483710343,3_личное_содержание
Q209P__middle,Q211P__middle,0.5129760182249177,3_личное_содержание
Q209P__top,Q216P__top,0.5308753120268446,3_личное_содержание
Q209P__top,Q217P__top,0.5257094090036271,3_личное_содержание
Q210P__bottom,Q212P__bottom,0.8357294947824098,3_личное_содержание
Q210P__bottom,Q215P__bottom,0.7707189398931108,3_личное_содержание
Q210P__bottom,Q219P__bottom,0.7654661181401847,3_личное_содержание
Q210P__middle,Q211P__middle,0.547829068353957,3_личное_содержание
Q210P__middle,Q212P__middle,0.6028955923489832,3_личное_содержание
Q211P__middle,Q212P__middle,0.5995104266724507,3_личное_содержание
Q211P__middle,Q214P__middle,0.5360223470546704,3_личное_содержание
Q212P__bottom,Q215P__bottom,0.7679468838267122,3_личное_содержание
Q212P__bottom,Q219P__bottom,0.7581599799494881,3_личное_содержание
Q212P__middle,Q215P__middle,0.5024185488706776,3_личное_содержание
Q215P__bottom,Q219P__bottom,0.7987414054306025,3_личное_содержание
Q215P__middle,Q219P__middle,0.5771040915836336,3_личное_содержание
Q216P__top,Q217P__top,0.5463285969539692,3_личное_содержание
Q217P__middle,Q218P__middle,0.5342460018420833,3_личное_содержание
Q218P__middle,Q219P__middle,0.5409756953584277,3_личное_содержание
Q219P__bottom,Q220P__bottom,0.8229745466644485,3_личное_содержание
Q219P__middle,Q220P__middle,0.5647520997019778,3_личное_содержание
Q221P__bottom,Q222P__bottom,0.7506949623703302,3_личное_содержание
Q221P__middle,Q222P__middle,0.6795849021948756,3_личное_содержание
Q221P__top,Q234P__top,0.6556941911485888,3_личное_содержание
Q221P__top,Q238P__top,0.5426744955010921,3_личное_содержание
Q221P__top,Q254P__top,0.6360294817833813,3_личное_содержание
Q222P__top,Q234P__top,0.6969836111896016,3_личное_содержание
Q224P__bottom,Q229P__bottom,0.6276809134392841,3_личное_содержание
Q224P__top,Q229P__top,0.5585229367020742,3_личное_содержание
Q224P__top,Q232P__top,0.5529595533251355,3_личное_содержание
Q226P__bottom,Q227P__bottom,0.5760445261540786,3_личное_содержание
Q226P__bottom,Q230P__bottom,0.5724633704658948,3_личное_содержание
Q227P__top,Q230P__top,0.6299243348791799,3_личное_содержание
Q228P__bottom,Q229P__bottom,0.58193265176457,3_личное_содержание
Q232P__bottom,Q233P__bottom,0.5009676317686791,3_личное_содержание
Q232P__top,Q233P__top,0.6096156007643025,3_личное_содержание
Q234P__top,Q238P__top,0.5771379148798155,3_личное_содержание
Q234P__top,Q254P__top,0.6575940980553665,3_личное_содержание
Q235P__bottom,Q236P__bottom,0.5462580481388318,3_личное_содержание
Q237P__top,Q239P__top,0.5600518326545724,3_личное_содержание
Q239P__bottom,Q242__bottom,0.5781464530892448,3_личное_содержание
Q239P__bottom,Q245__bottom,0.5576640310722708,3_личное_содержание
Q242__bottom,Q245__bottom,0.6218762326844096,3_личное_содержание
Q243__middle,Q249__middle,0.5491759465478842,3_личное_содержание
Q243__top,Q246__top,0.7319386694386695,3_личное_содержание
Q243__top,Q249__top,0.8245418426796903,3_личное_содержание
Q243__top,Q250__top,0.7142380369658153,3_личное_содержание
Q246__top,Q249__top,0.7187219587232406,3_личное_содержание
Q247__middle,Q248__middle,0.5911715607126242,3_личное_содержание
Q247__top,Q248__top,0.5726335520149953,3_личное_содержание
Q249__top,Q250__top,0.7063560450578891,3_личное_содержание
Q251__top,Q252__top,0.6416543059069889,3_личное_содержание
Q254P__top,Q255P__top,0.6430354562006119,3_личное_содержание
Q254P__top,Q257P__top,0.6054341405788541,3_личное_содержание
Q255P__middle,Q256P__middle,0.6473657913728974,3_личное_содержание
Q255P__middle,Q257P__middle,0.5904661499886027,3_личное_содержание
Q255P__top,Q256P__top,0.7332639900145621,3_личное_содержание
Q256P__bottom,Q257P__bottom,0.5147329066599075,3_личное_содержание
Q256P__middle,Q257P__middle,0.6349228416516057,3_личное_содержание
Q258P__middle,Q259P__middle,0.631146432194792,3_личное_содержание
Q258P__top,Q259P__top,0.7218398339342292,3_личное_содержание
