u,v,sim
Q106__middle,Q107__middle,0.554084694134622
Q106__middle,Q108__middle,0.5681326416225657
Q106__middle,Q90__middle,0.5033131256168053
Q107__middle,Q108__middle,0.5857362068570643
Q107__middle,Q161__middle,0.5296017222820237
Q107__middle,Q251__middle,0.525817632420903
Q107__middle,Q48__middle,0.5268297113790676
Q107__middle,Q49__middle,0.518094257459725
Q107__middle,Q50__middle,0.5184939193367382
Q107__middle,Q90__middle,0.5757964409225202
Q108__middle,Q90__middle,0.5163306546360261
Q90__middle,Q161__middle,0.5327787959960525
Q90__middle,Q251__middle,0.5211962317810167
Q90__middle,Q48__middle,0.5156799963666916
Q90__middle,Q49__middle,0.5028423107450072
Q90__middle,Q50__middle,0.5061563600377437
Q161__middle,Q251__middle,0.520774084607181
Q251__middle,Q253P__middle,0.5050213295414149
Q251__middle,Q48__middle,0.5102204052612869
Q251__middle,Q49__middle,0.515198318210095
Q251__middle,Q50__middle,0.5193298969072165
Q48__middle,Q131P__middle,0.5103884968010026
Q48__middle,Q253P__middle,0.500147603151895
Q48__middle,Q46P__middle,0.5291269597294804
Q48__middle,Q49__middle,0.6322371666988438
Q48__middle,Q50__middle,0.5375706792015805
Q48__middle,Q75P__middle,0.5059864307569509
Q49__middle,Q131P__middle,0.5340326490336144
Q49__middle,Q46P__middle,0.6045381186596988
Q49__middle,Q47P__middle,0.5079906471887938
Q49__middle,Q50__middle,0.5776433489928566
Q49__middle,Q75P__middle,0.5182015144689706
Q50__middle,Q46P__middle,0.5173685828466031
Q109__bottom,Q163__top,0.5436710619109696
Q109__bottom,Q177__bottom,0.5320046934379433
Q109__bottom,Q178__bottom,0.5220871065114273
Q109__bottom,Q238P__top,0.5199087101991979
Q109__bottom,Q242__bottom,0.5298790714096566
Q109__bottom,Q243__top,0.5251009718540957
Q109__bottom,Q244__top,0.5170549450549451
Q109__bottom,Q246__top,0.5310950964691528
Q109__bottom,Q249__top,0.5166891881397263
Q109__bottom,Q250__top,0.5463331036554124
Q109__bottom,Q43P__bottom,0.5053067736145886
Q163__top,Q158__top,0.5599341781890453
Q163__top,Q159__top,0.568311499583271
Q163__top,Q162__bottom,0.5109738636120787
Q163__top,Q238P__top,0.5164875088154212
Q163__top,Q242__bottom,0.5184322441390806
Q163__top,Q243__top,0.5488924649753881
Q163__top,Q244__top,0.5467911867159618
Q163__top,Q246__top,0.5721993441622817
Q163__top,Q249__top,0.5491045772952488
Q163__top,Q250__top,0.5698839243122913
Q163__top,Q44P__top,0.5522526636225267
Q163__top,Q56P__top,0.5378776202219482
Q163__top,Q71P__top,0.5073835830145534
Q163__top,Q74P__top,0.5475391618404463
Q163__top,Q76P__top,0.5242237086743744
Q177__bottom,Q178__bottom,0.7826994394135404
Q177__bottom,Q179__bottom,0.6889415300755232
Q177__bottom,Q180__bottom,0.7178394761673291
Q177__bottom,Q181__bottom,0.6996645635332641
Q177__bottom,Q183__bottom,0.608780932032714
Q177__bottom,Q187__bottom,0.662975034015758
Q177__bottom,Q189__bottom,0.6599742565586061
Q177__bottom,Q190__bottom,0.6781486562007824
Q177__bottom,Q191__bottom,0.6758667791571251
Q177__bottom,Q192__bottom,0.6678290051518687
Q177__bottom,Q194__bottom,0.6769520619635755
Q177__bottom,Q234P__top,0.6620678856625898
Q177__bottom,Q235P__bottom,0.511006812490149
Q177__bottom,Q238P__top,0.5209540988774277
Q177__bottom,Q242__bottom,0.5447190066723875
Q177__bottom,Q243__top,0.661192098952417
Q177__bottom,Q246__top,0.6113553177702667
Q177__bottom,Q250__top,0.6643141100856377
Q178__bottom,Q179__bottom,0.7096753651982323
Q178__bottom,Q180__bottom,0.7454035970605896
Q178__bottom,Q181__bottom,0.7141602108457791
Q178__bottom,Q182__bottom,0.5659680896938335
Q178__bottom,Q183__bottom,0.6515049590340664
Q178__bottom,Q184__bottom,0.6461405778352738
Q178__bottom,Q187__bottom,0.6953453786032971
Q178__bottom,Q188__bottom,0.5936869340232859
Q178__bottom,Q189__bottom,0.6747037513767433
Q178__bottom,Q190__bottom,0.6732374807363376
Q178__bottom,Q191__bottom,0.6896736437534317
Q178__bottom,Q192__bottom,0.6774379612757757
Q178__bottom,Q193__bottom,0.6396205260888314
Q178__bottom,Q194__bottom,0.6901542111506525
Q178__bottom,Q195__bottom,0.550599396291505
Q178__bottom,Q238P__top,0.5123415265200517
Q178__bottom,Q242__bottom,0.5228805519620526
Q178__bottom,Q246__top,0.6022595946528676
Q178__bottom,Q250__top,0.6560241483398016
Q238P__top,Q125__top,0.5054989909068233
Q238P__top,Q199P__top,0.5151817501530647
Q238P__top,Q221P__top,0.5214511283986752
Q238P__top,Q222P__top,0.5198167483486043
Q238P__top,Q234P__top,0.557246994554533
Q238P__top,Q235P__bottom,0.5297080915755858
Q238P__top,Q237P__bottom,0.509626068618336
Q238P__top,Q242__bottom,0.5471136022596875
Q238P__top,Q243__top,0.5519058437460558
Q238P__top,Q244__top,0.5285494505494506
Q238P__top,Q246__top,0.5620567375886525
Q238P__top,Q249__top,0.5334016743550316
Q238P__top,Q250__top,0.6022155085599195
Q238P__top,Q254P__top,0.5067371590116386
Q238P__top,Q255P__top,0.5069970365492262
Q238P__top,Q257P__top,0.5115308737159573
Q238P__top,Q33P__bottom,0.5273237651106986
Q238P__top,Q76P__top,0.508333522302093
Q242__bottom,Q113__bottom,0.5137920381322271
Q242__bottom,Q115__bottom,0.5214988486497802
Q242__bottom,Q116__middle,0.5384049186006234
Q242__bottom,Q117__middle,0.5174552034601465
Q242__bottom,Q123__top,0.5269366654025031
Q242__bottom,Q127__top,0.518240635024194
Q242__bottom,Q206P__top,0.5289232964989296
Q242__bottom,Q235P__bottom,0.5626710212728396
Q242__bottom,Q237P__bottom,0.5062450348662724
Q242__bottom,Q239P__bottom,0.5575293494571454
Q242__bottom,Q243__top,0.5515903067020068
Q242__bottom,Q245__bottom,0.5914246623709065
Q242__bottom,Q246__top,0.55309616411195
Q242__bottom,Q249__top,0.5482347824736343
Q242__bottom,Q250__top,0.5461210932669034
Q242__bottom,Q33P__bottom,0.5750507547003266
Q242__bottom,Q35P__bottom,0.520566687262777
Q242__bottom,Q51P__bottom,0.5245752840264436
Q242__bottom,Q53P__bottom,0.5300778605280975
Q242__bottom,Q54P__bottom,0.5417963279912867
Q242__bottom,Q93,0.5269575839265406
Q243__top,Q234P__top,0.6715259371450208
Q243__top,Q235P__bottom,0.517938280954184
Q243__top,Q241__top,0.5085037233371198
Q243__top,Q244__top,0.6080241070301653
Q243__top,Q246__top,0.7109680676511423
Q243__top,Q249__top,0.8155258375658171
Q243__top,Q250__top,0.7090432916824435
Q244__top,Q241__top,0.5943516483516483
Q244__top,Q246__top,0.6428162891786776
Q244__top,Q247__top,0.527956043956044
Q244__top,Q249__top,0.5849059534349129
Q244__top,Q250__top,0.5716330100174909
Q246__top,Q123__top,0.5802829253412644
Q246__top,Q127__top,0.5995759256238786
Q246__top,Q234P__top,0.6068651159553924
Q246__top,Q235P__bottom,0.5267482650804545
Q246__top,Q241__top,0.5348127812094867
Q246__top,Q249__top,0.6966745880123635
Q246__top,Q250__top,0.67272663027155
Q246__top,Q76P__top,0.5004956912987112
Q249__top,Q250__top,0.7002780237019088
Q249__top,Q33P__bottom,0.5182734572790955
Q250__top,Q221P__top,0.6004664228547199
Q250__top,Q222P__top,0.645536297945266
Q250__top,Q234P__top,0.6961498982236991
Q250__top,Q257P__top,0.5009805480468543
Q250__top,Q33P__bottom,0.5065988233423437
Q43P__bottom,Q112__top,0.5145554147048171
Q43P__bottom,Q128__top,0.5224966868713202
Q43P__bottom,Q151P,0.5142801944811154
Q43P__bottom,Q164__top,0.54086947372113
Q43P__bottom,Q167P,0.5095543842836607
Q43P__bottom,Q169P__top,0.5208031510322347
Q43P__bottom,Q172P__top,0.545161717336628
Q43P__bottom,Q173P__top,0.5143917325565266
Q43P__bottom,Q182__bottom,0.5458911198509625
Q43P__bottom,Q183__bottom,0.5212078760993073
Q43P__bottom,Q184__bottom,0.5390576902183754
Q43P__bottom,Q186__bottom,0.5122917421224195
Q43P__bottom,Q187__bottom,0.532259595608012
Q43P__bottom,Q188__bottom,0.5404173899321445
Q43P__bottom,Q193__bottom,0.5217440996628379
Q43P__bottom,Q203P__bottom,0.505210774140278
Q43P__bottom,Q205P__bottom,0.5309902895634677
Q43P__bottom,Q210P__bottom,0.5129060854148199
Q43P__bottom,Q212P__bottom,0.5086982186881489
Q43P__bottom,Q214P__bottom,0.5134462151394422
Q43P__bottom,Q215P__bottom,0.5108067027507971
Q43P__bottom,Q218P__bottom,0.5198201446478187
Q43P__bottom,Q254P__top,0.5241215992950765
Q43P__bottom,Q255P__top,0.5148584129074745
Q43P__bottom,Q257P__top,0.5116126403477002
Q43P__bottom,Q27P__top,0.5439261188728393
Q43P__bottom,Q45P__top,0.5070771603238421
Q43P__bottom,Q5P__top,0.5433693551849996
Q43P__bottom,Q6P__top,0.5594879013338696
Q33P__bottom,Q116__middle,0.5168210945618289
Q33P__bottom,Q123__top,0.5210084033613446
Q33P__bottom,Q204P__top,0.5084277034255839
Q33P__bottom,Q206P__top,0.5377678783815929
Q33P__bottom,Q235P__bottom,0.5344982683398551
Q33P__bottom,Q35P__bottom,0.6120115905283651
Q33P__bottom,Q54P__bottom,0.5075073906955033
Q33P__bottom,Q62P__top,0.5086023452709739
Q33P__bottom,Q93,0.5118150035803041
Q112__top,Q116__top,0.5344659848610682
Q112__top,Q124__top,0.5041185772616772
Q112__top,Q126__top,0.5101677621431792
Q112__top,Q128__top,0.5139368658888961
Q112__top,Q140P,0.5133959290581785
Q112__top,Q143P__top,0.500961013691479
Q112__top,Q164__top,0.5461305087420866
Q112__top,Q169P__top,0.5207366890535208
Q112__top,Q172P__top,0.5467943343776199
Q112__top,Q173P__top,0.5101262311000139
Q112__top,Q182__bottom,0.5126060856965432
Q112__top,Q184__bottom,0.5087458805635027
Q112__top,Q187__bottom,0.5017245198240673
Q112__top,Q188__bottom,0.5150702225027616
Q112__top,Q253P__bottom,0.5105711506062691
Q112__top,Q27P__top,0.5366068929886122
Q112__top,Q5P__top,0.5111643884634652
Q112__top,Q69P__bottom,0.5236931400232542
Q112__top,Q6P__top,0.5436914895993923
Q112__top,Q70P__bottom,0.5578387869871627
Q116__top,Q113__middle,0.5318095669146559
Q116__top,Q114__middle,0.5085570422336002
Q116__top,Q115__middle,0.5339877231195723
Q116__top,Q117__top,0.593929450369155
Q116__top,Q253P__bottom,0.5026449039631128
Q116__top,Q69P__bottom,0.542188695170522
Q116__top,Q70P__bottom,0.5182725874569734
Q124__top,Q125__top,0.5489484963379884
Q124__top,Q126__top,0.7489674054143359
Q124__top,Q128__top,0.6739446870451238
Q124__top,Q129__top,0.6949259307528564
Q124__top,Q130P__middle,0.5329368170124383
Q126__top,Q125__top,0.55657866848786
Q126__top,Q128__top,0.6699689326294292
Q126__top,Q129__top,0.6882358052043964
Q126__top,Q130P__middle,0.5311801891724892
Q128__top,Q125__top,0.5185861087575224
Q128__top,Q129__top,0.7388678917416047
Q128__top,Q130P__middle,0.5165004670968303
Q128__top,Q164__top,0.5494800343720955
Q128__top,Q167P,0.5379587925251558
Q128__top,Q169P__top,0.5163266636251059
Q128__top,Q172P__top,0.523604684003563
Q128__top,Q173P__top,0.5278644749618533
Q128__top,Q182__bottom,0.5577520182156903
Q128__top,Q184__bottom,0.5361605041103827
Q128__top,Q187__bottom,0.5284783090212954
Q128__top,Q188__bottom,0.5344011361843144
Q128__top,Q218P__bottom,0.5323760843284057
Q128__top,Q27P__top,0.5383721180548081
Q128__top,Q28P__top,0.5022051315475027
Q128__top,Q6P__top,0.527363184079602
Q140P,Q164__top,0.5288041667397366
Q140P,Q169P__top,0.5039621762003064
Q140P,Q172P__top,0.5367338834223183
Q140P,Q173P__top,0.5204605354418088
Q140P,Q27P__top,0.522463565324091
Q140P,Q6P__top,0.5212314931965994
Q143P__top,Q142P__top,0.6757275257369829
Q143P__top,Q146P__top,0.6193898781377503
Q143P__top,Q147P__top,0.6333594531060013
Q143P__top,Q148P__top,0.588181253208679
Q143P__top,Q27P__top,0.5095472843519256
Q143P__top,Q6P__top,0.5023348303058739
Q164__top,Q151P,0.6612518916830344
Q164__top,Q165P,0.7438279581593373
Q164__top,Q166P,0.7463304280728829
Q164__top,Q167P,0.7158164249513355
Q164__top,Q168P,0.7782296729821777
Q164__top,Q169P__top,0.6281325079353944
Q164__top,Q170P__top,0.5549339740104869
Q164__top,Q172P__top,0.6861617242165442
Q164__top,Q173P__top,0.7913892356776252
Q164__top,Q182__bottom,0.6206793749890395
Q164__top,Q183__bottom,0.6318327692334672
Q164__top,Q184__bottom,0.7177805446924925
Q164__top,Q186__bottom,0.5743998035880259
Q164__top,Q187__bottom,0.7048223269942727
Q164__top,Q188__bottom,0.6682040580116795
Q164__top,Q193__bottom,0.6516493344790698
Q164__top,Q195__bottom,0.5567402627010154
Q164__top,Q205P__bottom,0.5397295827999229
Q164__top,Q209P__bottom,0.5002192097925399
Q164__top,Q210P__bottom,0.6625819123602927
Q164__top,Q218P__bottom,0.5404661277028567
Q164__top,Q234P__top,0.6619461020546634
Q164__top,Q254P__top,0.6830051032039703
Q164__top,Q255P__top,0.5793276397243218
Q164__top,Q257P__top,0.5222629465303474
Q164__top,Q27P__top,0.6081931852059695
Q164__top,Q45P__top,0.6471949914946601
Q164__top,Q57P__c1,0.6587669156200887
Q164__top,Q5P__top,0.6789541062378338
Q164__top,Q6P__top,0.6822334847342301
Q169P__top,Q151P,0.5213317448562321
Q169P__top,Q15P,0.5571557155715572
Q169P__top,Q165P,0.536814614306895
Q169P__top,Q166P,0.5807488321449896
Q169P__top,Q167P,0.6261427886919022
Q169P__top,Q168P,0.6035611546473564
Q169P__top,Q170P__top,0.7135175055967136
Q169P__top,Q172P__top,0.6785950668490491
Q169P__top,Q173P__top,0.5962165348869469
Q169P__top,Q182__bottom,0.6010763817015111
Q169P__top,Q183__bottom,0.5356447972604872
Q169P__top,Q184__bottom,0.5845072972875095
Q169P__top,Q185__bottom,0.5093124697085093
Q169P__top,Q186__bottom,0.6309169378476309
Q169P__top,Q187__bottom,0.5325127361326456
Q169P__top,Q188__bottom,0.6047222660564936
Q169P__top,Q193__bottom,0.549879040707088
Q169P__top,Q205P__bottom,0.5093823812439856
Q169P__top,Q209P__bottom,0.5411156500265412
Q169P__top,Q210P__bottom,0.5083172550451062
Q169P__top,Q211P__bottom,0.5124783473407326
Q169P__top,Q212P__bottom,0.5093058786763429
Q169P__top,Q214P__bottom,0.5109566713451351
Q169P__top,Q218P__bottom,0.5081125792699739
Q169P__top,Q22P,0.5522629185995522
Q169P__top,Q254P__top,0.5368249072952234
Q169P__top,Q255P__top,0.5368167599604873
Q169P__top,Q256P__top,0.5011655011655012
Q169P__top,Q257P__top,0.5260829704331882
Q169P__top,Q27P__top,0.6054937248401611
Q169P__top,Q28P__top,0.5383692215375384
Q169P__top,Q29P__top,0.5273142698885274
Q169P__top,Q45P__top,0.5141818582364928
Q169P__top,Q5P__top,0.5305410434409218
Q169P__top,Q6P__top,0.7155305315369663
Q172P__top,Q151P,0.5282384003606272
Q172P__top,Q15P,0.5453161540837489
Q172P__top,Q165P,0.5757579879483656
Q172P__top,Q166P,0.6056689262758597
Q172P__top,Q167P,0.6372208912314327
Q172P__top,Q168P,0.6267235393314156
Q172P__top,Q170P__top,0.5952654105811234
Q172P__top,Q171P__top,0.5451175925517363
Q172P__top,Q173P__top,0.6605978637813844
Q172P__top,Q182__bottom,0.5978265369488719
Q172P__top,Q183__bottom,0.5551599346252627
Q172P__top,Q184__bottom,0.6073045304747764
Q172P__top,Q186__bottom,0.601553192428187
Q172P__top,Q187__bottom,0.5677941967534728
Q172P__top,Q188__bottom,0.6207984850875808
Q172P__top,Q193__bottom,0.5706040345162581
Q172P__top,Q195__bottom,0.526523737237206
Q172P__top,Q205P__bottom,0.5347957309071822
Q172P__top,Q209P__bottom,0.5179367250584653
Q172P__top,Q210P__bottom,0.5322869409535729
Q172P__top,Q211P__bottom,0.5224225315968435
Q172P__top,Q212P__bottom,0.5293760200006945
Q172P__top,Q214P__bottom,0.509332392004589
Q172P__top,Q218P__bottom,0.5261193238456807
Q172P__top,Q221P__top,0.5238003543094816
Q172P__top,Q234P__top,0.5353955357608866
Q172P__top,Q254P__top,0.5723464405037265
Q172P__top,Q255P__top,0.5486088244978597
Q172P__top,Q257P__top,0.5321007810086926
Q172P__top,Q27P__top,0.6148149742750737
Q172P__top,Q45P__top,0.5409667529511116
Q172P__top,Q57P__c1,0.5221485097564708
Q172P__top,Q5P__top,0.559418163601231
Q172P__top,Q6P__top,0.738516524731942
Q173P__top,Q165P,0.7368635825727383
Q173P__top,Q166P,0.7180607573866001
Q173P__top,Q167P,0.6752670273269524
Q173P__top,Q168P,0.7482061964752174
Q173P__top,Q170P__top,0.5396379525593009
Q173P__top,Q182__bottom,0.6051290054099043
Q173P__top,Q183__bottom,0.6033777222915799
Q173P__top,Q184__bottom,0.6777118879178804
Q173P__top,Q186__bottom,0.529130253849355
Q173P__top,Q187__bottom,0.6826250672404519
Q173P__top,Q188__bottom,0.6333749479816896
Q173P__top,Q193__bottom,0.6163996393397142
Q173P__top,Q205P__bottom,0.5226453044805105
Q173P__top,Q254P__top,0.6559855735885698
Q173P__top,Q255P__top,0.5674677486475239
Q173P__top,Q257P__top,0.5061728395061729
Q173P__top,Q27P__top,0.5755132473297268
Q173P__top,Q45P__top,0.6269073380496601
Q173P__top,Q5P__top,0.6524830073519212
Q173P__top,Q6P__top,0.646986405881537
Q182__bottom,Q151P,0.5747657532923335
Q182__bottom,Q165P,0.5675558034196172
Q182__bottom,Q166P,0.5551965157528713
Q182__bottom,Q167P,0.5955725922376617
Q182__bottom,Q168P,0.5766127698971663
Q182__bottom,Q170P__top,0.573338853239495
Q182__bottom,Q180__bottom,0.5605610042032425
Q182__bottom,Q181__bottom,0.5546947794372121
Q182__bottom,Q183__bottom,0.7341038213090513
Q182__bottom,Q184__bottom,0.7116756600152102
Q182__bottom,Q185__bottom,0.5643759056096046
Q182__bottom,Q186__bottom,0.6940592009935831
Q182__bottom,Q187__bottom,0.6546530392684239
Q182__bottom,Q188__bottom,0.7130542843616854
Q182__bottom,Q191__bottom,0.5545779599051867
Q182__bottom,Q193__bottom,0.7008019505876526
Q182__bottom,Q195__bottom,0.5831918857379425
Q182__bottom,Q203P__bottom,0.515131442765473
Q182__bottom,Q205P__bottom,0.5535706892982819
Q182__bottom,Q209P__bottom,0.5417304905816601
Q182__bottom,Q210P__bottom,0.5753767534025134
Q182__bottom,Q211P__bottom,0.5609190643759057
Q182__bottom,Q212P__bottom,0.5783881384770304
Q182__bottom,Q214P__bottom,0.5292072034775409
Q182__bottom,Q215P__bottom,0.5752576555201305
Q182__bottom,Q216P__bottom,0.5123162906230594
Q182__bottom,Q218P__bottom,0.5885116953011799
Q182__bottom,Q219P__bottom,0.5624646586496777
Q182__bottom,Q22P,0.6115504036431381
Q182__bottom,Q254P__top,0.5773029335095642
Q182__bottom,Q255P__top,0.5606684227856438
Q182__bottom,Q27P__top,0.5832746843303663
Q182__bottom,Q28P__top,0.5095218381287518
Q182__bottom,Q36P__bottom,0.5428689712274891
Q182__bottom,Q5P__top,0.5675230802261504
Q182__bottom,Q6P__top,0.6217346305112813
Q184__bottom,Q151P,0.648066458447371
Q184__bottom,Q165P,0.6423684317912863
Q184__bottom,Q166P,0.646868743633873
Q184__bottom,Q167P,0.6534241118313837
Q184__bottom,Q168P,0.6781238633733426
Q184__bottom,Q170P__top,0.5318871546010937
Q184__bottom,Q180__bottom,0.6433248505990335
Q184__bottom,Q181__bottom,0.633349306498416
Q184__bottom,Q183__bottom,0.7338391337413537
Q184__bottom,Q185__bottom,0.5735523123166625
Q184__bottom,Q186__bottom,0.6450403795313802
Q184__bottom,Q187__bottom,0.7481568205550106
Q184__bottom,Q188__bottom,0.7457357041972984
Q184__bottom,Q189__bottom,0.6343369736859565
Q184__bottom,Q191__bottom,0.6364817269963708
Q184__bottom,Q193__bottom,0.733694274435954
Q184__bottom,Q194__bottom,0.6362849766241016
Q184__bottom,Q195__bottom,0.5999710281389201
Q184__bottom,Q205P__bottom,0.5444355919313367
Q184__bottom,Q209P__bottom,0.5307644949842466
Q184__bottom,Q210P__bottom,0.6647894178790565
Q184__bottom,Q211P__bottom,0.5618368159924673
Q184__bottom,Q212P__bottom,0.6584082780652106
Q184__bottom,Q214P__bottom,0.5299677688045485
Q184__bottom,Q215P__bottom,0.6336508166443342
Q184__bottom,Q216P__bottom,0.5100858291384492
Q184__bottom,Q218P__bottom,0.5751095498497085
Q184__bottom,Q22P,0.5095063919168508
Q184__bottom,Q254P__top,0.6548183826458552
Q184__bottom,Q255P__top,0.561203056531344
Q184__bottom,Q257P__top,0.5006518668742983
Q184__bottom,Q27P__top,0.58429000832941
Q184__bottom,Q28P__top,0.5032955491978416
Q184__bottom,Q45P__top,0.6258465215659291
Q184__bottom,Q5P__top,0.6499856866814571
Q184__bottom,Q6P__top,0.612573787708688
Q187__bottom,Q167P,0.6139132360851818
Q187__bottom,Q168P,0.6982406733537955
Q187__bottom,Q179__bottom,0.7393497115347878
Q187__bottom,Q180__bottom,0.7484631001057959
Q187__bottom,Q181__bottom,0.7433112371216356
Q187__bottom,Q183__bottom,0.6953453786032971
Q187__bottom,Q186__bottom,0.5820333512641205
Q187__bottom,Q188__bottom,0.7110559124133785
Q187__bottom,Q189__bottom,0.7493730012340928
Q187__bottom,Q190__bottom,0.6766762649115591
Q187__bottom,Q191__bottom,0.7554269950316714
Q187__bottom,Q192__bottom,0.7313818281923888
Q187__bottom,Q193__bottom,0.6869600987248046
Q187__bottom,Q194__bottom,0.7526620612657875
Q187__bottom,Q195__bottom,0.579913299370313
Q187__bottom,Q205P__bottom,0.5346169667436635
Q187__bottom,Q210P__bottom,0.6671834952377939
Q187__bottom,Q211P__bottom,0.5374331550802139
Q187__bottom,Q212P__bottom,0.6622630762902256
Q187__bottom,Q214P__bottom,0.507072113406955
Q187__bottom,Q215P__bottom,0.6206372812707655
Q187__bottom,Q218P__bottom,0.5514508116318071
Q187__bottom,Q254P__top,0.6426130430655318
Q187__bottom,Q255P__top,0.560548049235832
Q187__bottom,Q257P__top,0.5070404708413758
Q187__bottom,Q27P__top,0.5589659209568711
Q187__bottom,Q5P__top,0.641189127614467
Q187__bottom,Q6P__top,0.5685061544790052
Q188__bottom,Q151P,0.593473291045497
Q188__bottom,Q165P,0.5943931335609451
Q188__bottom,Q166P,0.5998735555477503
Q188__bottom,Q167P,0.6415716339242933
Q188__bottom,Q168P,0.6228879410111431
Q188__bottom,Q170P__top,0.550122297617169
Q188__bottom,Q180__bottom,0.5898693277671346
Q188__bottom,Q181__bottom,0.5795330511407502
Q188__bottom,Q183__bottom,0.7020196124212001
Q188__bottom,Q185__bottom,0.5551522802587976
Q188__bottom,Q186__bottom,0.6624191257692915
Q188__bottom,Q189__bottom,0.5866452580315556
Q188__bottom,Q191__bottom,0.5926640151058615
Q188__bottom,Q193__bottom,0.7090119435396308
Q188__bottom,Q194__bottom,0.5891005512525295
Q188__bottom,Q195__bottom,0.6453171847877545
Q188__bottom,Q205P__bottom,0.5449542370206722
Q188__bottom,Q209P__bottom,0.5387407290516018
Q188__bottom,Q210P__bottom,0.6071856911925745
Q188__bottom,Q211P__bottom,0.5643443269685972
Q188__bottom,Q212P__bottom,0.6019132608771138
Q188__bottom,Q214P__bottom,0.5352887801798959
Q188__bottom,Q215P__bottom,0.5981129977014903
Q188__bottom,Q216P__bottom,0.518285466308979
Q188__bottom,Q218P__bottom,0.5756864446899164
Q188__bottom,Q22P,0.5196859712797854
Q188__bottom,Q254P__top,0.617248595660315
Q188__bottom,Q255P__top,0.5822944611014675
Q188__bottom,Q257P__top,0.5160170427647152
Q188__bottom,Q27P__top,0.6020396086476251
Q188__bottom,Q28P__top,0.5044382199779075
Q188__bottom,Q45P__top,0.581483725285014
Q188__bottom,Q5P__top,0.5993881056322908
Q188__bottom,Q6P__top,0.6336002840460786
Q253P__bottom,Q229P__bottom,0.5032692801873054
Q253P__bottom,Q69P__bottom,0.5131485242528948
Q253P__bottom,Q70P__bottom,0.5058467397407417
Q27P__top,Q147P__top,0.5048113146621316
Q27P__top,Q151P,0.5577486556975884
Q27P__top,Q165P,0.5409633146075058
Q27P__top,Q166P,0.5477152189947666
Q27P__top,Q167P,0.5778437949209392
Q27P__top,Q168P,0.5684290579638264
Q27P__top,Q170P__top,0.5482961272684218
Q27P__top,Q183__bottom,0.5517160868550082
Q27P__top,Q186__bottom,0.5600929972229995
Q27P__top,Q193__bottom,0.5555365068480104
Q27P__top,Q209P__bottom,0.5156825178137042
Q27P__top,Q210P__bottom,0.5453755366671881
Q27P__top,Q211P__bottom,0.5355531318834071
Q27P__top,Q212P__bottom,0.5369283655682489
Q27P__top,Q214P__bottom,0.5122597033560803
Q27P__top,Q218P__bottom,0.5464803071114976
Q27P__top,Q22P,0.510623641099606
Q27P__top,Q254P__top,0.592502845394133
Q27P__top,Q255P__top,0.5893356931182088
Q27P__top,Q256P__top,0.5085570361440596
Q27P__top,Q257P__top,0.547241297655695
Q27P__top,Q28P__top,0.5154241921942608
Q27P__top,Q45P__top,0.5573975142736503
Q27P__top,Q57P__c1,0.533094115519951
Q27P__top,Q5P__top,0.5929828955843413
Q27P__top,Q6P__top,0.645361978774245
Q5P__top,Q151P,0.6466819074604759
Q5P__top,Q167P,0.5980104487225363
Q5P__top,Q168P,0.6422973911318322
Q5P__top,Q254P__top,0.6468188649538396
Q5P__top,Q255P__top,0.5703141773420167
Q5P__top,Q257P__top,0.5137765690975452
Q5P__top,Q6P__top,0.6116438846346526
Q69P__bottom,Q70P__bottom,0.7155237653492176
Q69P__bottom,Q78P__bottom,0.54485739402227
Q69P__bottom,Q79P__bottom,0.5315590958246512
Q6P__top,Q147P__top,0.5114060370444846
Q6P__top,Q151P,0.5376082686672892
Q6P__top,Q15P,0.5995933596979244
Q6P__top,Q165P,0.5616932138144919
Q6P__top,Q166P,0.5979768887640055
Q6P__top,Q167P,0.6395783421178726
Q6P__top,Q168P,0.6238303078398307
Q6P__top,Q170P__top,0.6348280715865675
Q6P__top,Q171P__top,0.5166566123734835
Q6P__top,Q183__bottom,0.5627286170129971
Q6P__top,Q185__bottom,0.5015751725986997
Q6P__top,Q186__bottom,0.6295551533838283
Q6P__top,Q193__bottom,0.5747947501762005
Q6P__top,Q195__bottom,0.5192455655139429
Q6P__top,Q205P__bottom,0.5431064648762138
Q6P__top,Q209P__bottom,0.540116629800925
Q6P__top,Q210P__bottom,0.5307051850306791
Q6P__top,Q211P__bottom,0.5255661769423238
Q6P__top,Q212P__bottom,0.5304871696933922
Q6P__top,Q214P__bottom,0.5183770136514959
Q6P__top,Q218P__bottom,0.5229167108528283
Q6P__top,Q22P,0.5399825725584825
Q6P__top,Q234P__top,0.5270098644722421
Q6P__top,Q254P__top,0.5833792267870911
Q6P__top,Q255P__top,0.5663483701020744
Q6P__top,Q256P__top,0.5140648390195947
Q6P__top,Q257P__top,0.5501932658578547
Q6P__top,Q28P__top,0.5127466094689099
Q6P__top,Q45P__top,0.5380661269299261
Q6P__top,Q57P__c1,0.5223710379549659
Q6P__top,Q64P__top,0.5130147239537949
Q70P__bottom,Q78P__bottom,0.6112833532700241
Q70P__bottom,Q79P__bottom,0.5479823255132681
Q70P__bottom,Q80P__bottom,0.5030637404486976
Q70P__bottom,Q81P__bottom,0.5073358884847301
Q113__bottom,Q114__bottom,0.7135529608006672
Q113__bottom,Q115__bottom,0.7287837554950806
Q113__bottom,Q116__middle,0.6533815379286456
Q113__bottom,Q117__middle,0.6085697869707416
Q113__bottom,Q123__top,0.506596938062636
Q113__bottom,Q131P__middle,0.5092452124969769
Q113__bottom,Q199P__top,0.5212023739410139
Q113__bottom,Q227P__bottom,0.5446699587731618
Q113__bottom,Q253P__middle,0.5342952928917682
Q113__bottom,Q4P__top,0.5064785031486432
Q113__bottom,Q54P__bottom,0.5094523105648048
Q113__bottom,Q59P__middle,0.5056699928030967
Q113__bottom,Q71P__top,0.583903411407602
Q113__bottom,Q74P__top,0.5852984083436759
Q113__bottom,Q75P__middle,0.5200878009844353
Q113__bottom,Q76P__top,0.5974040683187605
Q113__bottom,Q77P__top,0.5116205318715172
Q113__bottom,Q83P__top,0.5019707334752865
Q114__bottom,Q115__bottom,0.7421601334445371
Q114__bottom,Q116__middle,0.651417848206839
Q114__bottom,Q117__middle,0.6271267723102586
Q114__bottom,Q227P__bottom,0.5054211843202668
Q114__bottom,Q253P__middle,0.5089866555462885
Q114__bottom,Q71P__top,0.5318598832360301
Q114__bottom,Q74P__top,0.5687656380316931
Q114__bottom,Q75P__middle,0.5234570475396163
Q114__bottom,Q76P__top,0.5494787322768974
Q114__bottom,Q77P__top,0.5221434528773978
Q115__bottom,Q116__middle,0.6970692903495918
Q115__bottom,Q117__middle,0.624283022817668
Q115__bottom,Q123__top,0.5463382502644764
Q115__bottom,Q199P__top,0.5063219593887377
Q115__bottom,Q227P__bottom,0.5252459702742307
Q115__bottom,Q253P__middle,0.5117647058823529
Q115__bottom,Q71P__top,0.5273812015909567
Q115__bottom,Q74P__top,0.5767008582792548
Q115__bottom,Q75P__middle,0.5230898053171447
Q115__bottom,Q76P__top,0.5586560602888843
Q115__bottom,Q83P__top,0.5025957714046473
Q116__middle,Q117__middle,0.6707655005195705
Q116__middle,Q123__top,0.5328649274436615
Q116__middle,Q131P__middle,0.5246795981988223
Q116__middle,Q235P__bottom,0.5120150675441635
Q116__middle,Q253P__middle,0.5173406650502251
Q116__middle,Q54P__bottom,0.5354364400186712
Q116__middle,Q59P__middle,0.5280970998424461
Q116__middle,Q74P__top,0.5483850017319016
Q116__middle,Q75P__middle,0.5352874956702459
Q116__middle,Q76P__top,0.5212374437131971
Q117__middle,Q253P__middle,0.5039777247414479
Q117__middle,Q74P__top,0.5234611448603218
Q117__middle,Q75P__middle,0.5335454786528773
Q117__middle,Q76P__top,0.5069831167683196
Q117__middle,Q93,0.5174803083273661
Q123__top,Q122__top,0.6013493283299067
Q123__top,Q125__top,0.5296113694884129
Q123__top,Q127__top,0.6434150673263379
Q123__top,Q76P__top,0.5028044471945547
Q131P__middle,Q253P__middle,0.5155992348789658
Q131P__middle,Q46P__middle,0.5426721487857362
Q131P__middle,Q59P__middle,0.5247709634124993
Q131P__middle,Q75P__middle,0.5240199635028472
Q199P__top,Q206P__top,0.5112125078390243
Q199P__top,Q221P__top,0.5175036586305168
Q199P__top,Q222P__top,0.5155195681511471
Q199P__top,Q234P__top,0.5040275578907079
Q199P__top,Q4P__top,0.6843324844563746
Q199P__top,Q74P__top,0.5148605395518976
Q199P__top,Q76P__top,0.5480362813863694
Q199P__top,Q93,0.5002948485741965
Q227P__bottom,Q134P__bottom,0.5046044959182853
Q227P__bottom,Q137P__bottom,0.5151730173372123
Q227P__bottom,Q226P__bottom,0.5410014427966603
Q227P__bottom,Q230P__bottom,0.6923058728919794
Q227P__bottom,Q231P__bottom,0.5956384966531848
Q227P__bottom,Q235P__bottom,0.5015292583097198
Q227P__bottom,Q71P__top,0.5029500952022754
Q227P__bottom,Q76P__top,0.5511206561721766
Q253P__middle,Q54P__bottom,0.5005640267620974
Q253P__middle,Q71P__top,0.516079101788107
Q253P__middle,Q74P__top,0.526814292246391
Q253P__middle,Q75P__middle,0.5112633586093743
Q253P__middle,Q76P__top,0.5236582969681738
Q4P__top,Q2P__top,0.5074519952861797
Q4P__top,Q71P__top,0.5124662060678883
Q4P__top,Q74P__top,0.515644392187602
Q4P__top,Q76P__top,0.5428956567433572
Q54P__bottom,Q134P__bottom,0.591158394274156
Q54P__bottom,Q136P__bottom,0.5494204138789481
Q54P__bottom,Q137P__bottom,0.5007779679477206
Q54P__bottom,Q235P__bottom,0.5129920647269333
Q54P__bottom,Q51P__bottom,0.7111477542622876
Q54P__bottom,Q52P__bottom,0.6628368233899644
Q54P__bottom,Q53P__bottom,0.7455314827352743
Q54P__bottom,Q55P__bottom,0.6245272148886607
Q54P__bottom,Q56P__top,0.6175246609124537
Q54P__bottom,Q76P__top,0.5031702193869613
Q59P__middle,Q60P__middle,0.6431308474840015
Q59P__middle,Q74P__top,0.525179436307405
Q59P__middle,Q75P__middle,0.5194997179591916
Q71P__top,Q186__bottom,0.5124938294821466
Q71P__top,Q193__bottom,0.5082004685982056
Q71P__top,Q252__top,0.5460614466044522
Q71P__top,Q56P__top,0.5013679099876696
Q71P__top,Q66P__top,0.5795585435227193
Q71P__top,Q67P__top,0.625044075127524
Q71P__top,Q68P__top,0.5623046002679768
Q71P__top,Q69P__middle,0.5108013445852236
Q71P__top,Q70P__middle,0.5248818786582355
Q71P__top,Q72P__top,0.5471897698690675
Q71P__top,Q73P__top,0.6945534895747631
Q71P__top,Q74P__top,0.6921201036427373
Q71P__top,Q75P__middle,0.5032592789676733
Q71P__top,Q76P__top,0.6893234937969795
Q71P__top,Q77P__top,0.6155003408476528
Q71P__top,Q79P__middle,0.5129169507063773
Q71P__top,Q80P__middle,0.509320420300416
Q71P__top,Q83P__top,0.5622105733292588
Q71P__top,Q85P__top,0.5025739874474037
Q71P__top,Q87P__top,0.5234244611081075
Q71P__top,Q89P__top,0.5092969135657366
Q74P__top,Q122__top,0.5169072658784593
Q74P__top,Q56P__top,0.5384363440197287
Q74P__top,Q66P__top,0.5582119450432208
Q74P__top,Q67P__top,0.5935724083872232
Q74P__top,Q68P__top,0.5718204977464236
Q74P__top,Q69P__middle,0.51266139743506
Q74P__top,Q70P__middle,0.5132710605961635
Q74P__top,Q73P__top,0.6235547717029198
Q74P__top,Q75P__middle,0.5672262503538223
Q74P__top,Q76P__top,0.6848912404467961
Q74P__top,Q77P__top,0.6198532453676486
Q74P__top,Q79P__middle,0.5341955712326083
Q74P__top,Q80P__middle,0.5345874975504605
Q74P__top,Q81P__middle,0.5082195658327345
Q74P__top,Q83P__top,0.5768719925098525
Q74P__top,Q85P__top,0.5206305658980556
Q74P__top,Q87P__top,0.5198467132623511
Q74P__top,Q89P__top,0.5179959500947156
Q75P__middle,Q60P__middle,0.519500748876685
Q75P__middle,Q69P__middle,0.5267393907143807
Q75P__middle,Q70P__middle,0.508048423573234
Q75P__middle,Q76P__top,0.5456520775131923
Q75P__middle,Q77P__top,0.5145226375770475
Q75P__middle,Q78P__middle,0.5273823777216088
Q75P__middle,Q79P__middle,0.5655625027714957
Q75P__middle,Q80P__middle,0.5685335461842047
Q75P__middle,Q81P__middle,0.5467163318699836
Q75P__middle,Q83P__top,0.5004212673495632
Q76P__top,Q122__top,0.5036015869146035
Q76P__top,Q134P__bottom,0.5015482366188121
Q76P__top,Q230P__bottom,0.5034842011469305
Q76P__top,Q252__top,0.5100413534693504
Q76P__top,Q56P__top,0.5070900123304563
Q76P__top,Q66P__top,0.560350933308963
Q76P__top,Q67P__top,0.5917430144622907
Q76P__top,Q68P__top,0.5504123923324727
Q76P__top,Q69P__middle,0.5040782288834563
Q76P__top,Q70P__middle,0.5035527428088373
Q76P__top,Q73P__top,0.6108204436930248
Q76P__top,Q77P__top,0.6255340537823574
Q76P__top,Q79P__middle,0.5270625328428796
Q76P__top,Q80P__middle,0.520254061093468
Q76P__top,Q81P__middle,0.5042381594279056
Q76P__top,Q83P__top,0.5879503758367794
Q76P__top,Q85P__top,0.5350590600653431
Q76P__top,Q87P__top,0.5215563526696977
Q76P__top,Q89P__top,0.5172153807489319
Q77P__top,Q66P__top,0.5580442634475068
Q77P__top,Q67P__top,0.6013380845029452
Q77P__top,Q68P__top,0.5517659321746298
Q77P__top,Q73P__top,0.5586017986570674
Q77P__top,Q78P__middle,0.5555717159964124
Q77P__top,Q79P__middle,0.5394031949191574
Q77P__top,Q80P__middle,0.5323006811625821
Q77P__top,Q81P__middle,0.5112113058444234
Q77P__top,Q82P__top,0.5072115967323588
Q77P__top,Q83P__top,0.5934356289239571
Q77P__top,Q84P__top,0.5106052893122924
Q77P__top,Q85P__top,0.5292948391632124
Q77P__top,Q87P__top,0.5609531428017356
Q77P__top,Q89P__top,0.5547960148352847
Q83P__top,Q62P__top,0.500261605783866
Q83P__top,Q66P__top,0.5307616465368499
Q83P__top,Q67P__top,0.551981169085916
Q83P__top,Q68P__top,0.540645797387232
Q83P__top,Q73P__top,0.5184619176731575
Q83P__top,Q79P__middle,0.5488538328814395
Q83P__top,Q80P__middle,0.5486812915947744
Q83P__top,Q81P__middle,0.5318215430120778
Q83P__top,Q82P__top,0.6538575301947251
Q83P__top,Q84P__top,0.6448853832881439
Q83P__top,Q85P__top,0.6731821543012078
Q83P__top,Q86P__top,0.5724180428888341
Q83P__top,Q87P__top,0.6670446142469806
Q83P__top,Q88P__middle,0.5297263988168598
Q83P__top,Q89P__top,0.6656642839536603
Q113__middle,Q114__middle,0.5895440729483282
Q113__middle,Q115__middle,0.6010334346504559
Q114__middle,Q115__middle,0.5769460419220012
Q114__middle,Q117__top,0.5103547971465384
Q235P__bottom,Q237P__bottom,0.5184635451805875
Q235P__bottom,Q93,0.5189966724232341
Q93,Q206P__top,0.5533254707046881
Q122__top,Q125__top,0.5190939515503447
Q122__top,Q127__top,0.5646532195219196
Q125__top,Q127__top,0.5684408923684735
Q125__top,Q129__top,0.5517615882531821
Q129__top,Q130P__middle,0.5226117555063209
Q167P,Q165P,0.6698450698477904
Q167P,Q166P,0.8080327350637491
Q167P,Q168P,0.8433191151671461
Q167P,Q170P__top,0.5478869190225204
Q167P,Q183__bottom,0.6027791087685673
Q167P,Q186__bottom,0.5594825107810254
Q167P,Q193__bottom,0.6258643351048632
Q167P,Q254P__top,0.6047105040936961
Q218P__bottom,Q183__bottom,0.5661530080161881
Q218P__bottom,Q186__bottom,0.5198837727205243
Q218P__bottom,Q193__bottom,0.5760138674590929
Q218P__bottom,Q203P__bottom,0.5156419012068124
Q218P__bottom,Q205P__bottom,0.5685592483403678
Q218P__bottom,Q209P__bottom,0.6411588792975461
Q218P__bottom,Q210P__bottom,0.6506926700387617
Q218P__bottom,Q211P__bottom,0.6701732804513352
Q218P__bottom,Q212P__bottom,0.636601965346019
Q218P__bottom,Q213P__bottom,0.5220895459076544
Q218P__bottom,Q214P__bottom,0.6419012068124457
Q218P__bottom,Q215P__bottom,0.6727033439608512
Q218P__bottom,Q216P__bottom,0.6179346327599737
Q218P__bottom,Q217P__bottom,0.6852319243250122
Q218P__bottom,Q219P__bottom,0.7550608813661552
Q218P__bottom,Q220P__bottom,0.6839496446567204
Q218P__bottom,Q254P__top,0.5434886367808496
Q28P__top,Q170P__top,0.5105709251940383
Q28P__top,Q186__bottom,0.5126660635207847
Q28P__top,Q29P__top,0.5051664206466359
Q46P__middle,Q47P__middle,0.5193090992929603
Q132P__bottom,Q133P__bottom,0.5992608543824933
Q132P__bottom,Q134P__bottom,0.5410986447902844
Q132P__bottom,Q135P__bottom,0.5378477421388604
Q132P__bottom,Q136P__bottom,0.5748549566972169
Q132P__bottom,Q137P__bottom,0.5997671089978409
Q132P__bottom,Q138P__bottom,0.5462955625990491
Q133P__bottom,Q136P__bottom,0.5184562347599428
Q133P__bottom,Q137P__bottom,0.5679144125567065
Q134P__bottom,Q135P__bottom,0.7410158404917645
Q134P__bottom,Q136P__bottom,0.7101178268387823
Q134P__bottom,Q137P__bottom,0.6497567056741866
Q134P__bottom,Q138P__bottom,0.7380546751188589
Q134P__bottom,Q222P__top,0.5694118900490092
Q134P__bottom,Q231P__bottom,0.5056299513411349
Q134P__bottom,Q51P__bottom,0.5721979335279791
Q134P__bottom,Q52P__bottom,0.5850493875938364
Q134P__bottom,Q53P__bottom,0.5870176032498308
Q135P__bottom,Q136P__bottom,0.7198557805973678
Q135P__bottom,Q137P__bottom,0.6453621246749153
Q135P__bottom,Q138P__bottom,0.7750807786271574
Q135P__bottom,Q205P__bottom,0.5392071873276066
Q135P__bottom,Q210P__bottom,0.5877005440545098
Q135P__bottom,Q211P__bottom,0.5402513988493971
Q135P__bottom,Q212P__bottom,0.5830063543873051
Q135P__bottom,Q214P__bottom,0.5091220742375285
Q135P__bottom,Q215P__bottom,0.5804107659227404
Q135P__bottom,Q254P__top,0.5842603810992401
Q135P__bottom,Q255P__top,0.558298526282607
Q135P__bottom,Q52P__bottom,0.5948004741209009
Q136P__bottom,Q137P__bottom,0.7109013705541074
Q136P__bottom,Q138P__bottom,0.7596671949286846
Q136P__bottom,Q52P__bottom,0.5718372184907151
Q136P__bottom,Q53P__bottom,0.5510324983073798
Q137P__bottom,Q138P__bottom,0.7024960380348653
Q137P__bottom,Q231P__bottom,0.5120933504766988
Q137P__bottom,Q52P__bottom,0.5037534571315686
Q137P__bottom,Q53P__bottom,0.5004908598510495
Q138P__bottom,Q254P__top,0.5780739435326945
Q138P__bottom,Q52P__bottom,0.595527459502173
Q138P__bottom,Q53P__bottom,0.5828029790115098
Q222P__top,Q202P__top,0.6528467253243864
Q222P__top,Q221P__top,0.8468286099865048
Q222P__top,Q234P__top,0.6866159814888916
Q222P__top,Q254P__top,0.6284892392925634
Q231P__bottom,Q230P__bottom,0.597695828832999
Q51P__bottom,Q52P__bottom,0.7799948565118073
Q51P__bottom,Q53P__bottom,0.7852896237689666
Q51P__bottom,Q55P__bottom,0.7817423540315107
Q51P__bottom,Q56P__top,0.6028773278066049
Q52P__bottom,Q53P__bottom,0.7580244962465429
Q52P__bottom,Q55P__bottom,0.7378077799764546
Q53P__bottom,Q55P__bottom,0.7044310297322346
Q53P__bottom,Q56P__top,0.6000846310088016
Q205P__bottom,Q183__bottom,0.5408397540664643
Q205P__bottom,Q186__bottom,0.512903508004549
Q205P__bottom,Q193__bottom,0.5378021601234356
Q205P__bottom,Q201P__bottom,0.5559881025282127
Q205P__bottom,Q203P__bottom,0.5787551395328493
Q205P__bottom,Q204P__bottom,0.5263537748228502
Q205P__bottom,Q206P__bottom,0.6021782871139882
Q205P__bottom,Q207P__bottom,0.6060274691628029
Q205P__bottom,Q209P__bottom,0.546058962470475
Q205P__bottom,Q210P__bottom,0.5627574698858007
Q205P__bottom,Q211P__bottom,0.5795000106926712
Q205P__bottom,Q212P__bottom,0.5594812319872218
Q205P__bottom,Q214P__bottom,0.5642550957921442
Q205P__bottom,Q215P__bottom,0.5670275079706384
Q205P__bottom,Q216P__bottom,0.546058962470475
Q205P__bottom,Q217P__bottom,0.5159872277141108
Q205P__bottom,Q219P__bottom,0.5353790477626569
Q205P__bottom,Q254P__top,0.5257921210118589
Q210P__bottom,Q183__bottom,0.6024404234238933
Q210P__bottom,Q186__bottom,0.5023031061514661
Q210P__bottom,Q193__bottom,0.6172324485929325
Q210P__bottom,Q203P__bottom,0.5173558603187847
Q210P__bottom,Q209P__bottom,0.6402982739740314
Q210P__bottom,Q211P__bottom,0.7093566946515791
Q210P__bottom,Q212P__bottom,0.8245425188374597
Q210P__bottom,Q213P__bottom,0.51779040864925
Q210P__bottom,Q214P__bottom,0.6201352314404408
Q210P__bottom,Q215P__bottom,0.7319358259025569
Q210P__bottom,Q216P__bottom,0.5954528862700109
Q210P__bottom,Q217P__bottom,0.5379013053831847
Q210P__bottom,Q219P__bottom,0.6856477377413916
Q210P__bottom,Q220P__bottom,0.6979171795755577
Q210P__bottom,Q254P__top,0.6267751299299508
Q211P__bottom,Q183__bottom,0.5411121488053545
Q211P__bottom,Q186__bottom,0.5143388721370373
Q211P__bottom,Q193__bottom,0.5448882793302474
Q211P__bottom,Q203P__bottom,0.5353392784585446
Q211P__bottom,Q209P__bottom,0.6886080280575694
Q211P__bottom,Q212P__bottom,0.740650717038786
Q211P__bottom,Q213P__bottom,0.568379632599816
Q211P__bottom,Q214P__bottom,0.6691259810525866
Q211P__bottom,Q215P__bottom,0.6744457625861942
Q211P__bottom,Q216P__bottom,0.6479117213062168
Q211P__bottom,Q217P__bottom,0.5792861572678086
Q211P__bottom,Q219P__bottom,0.6275492894032495
Q211P__bottom,Q220P__bottom,0.5854054852528435
Q212P__bottom,Q183__bottom,0.5979547900968784
Q212P__bottom,Q186__bottom,0.510434390082989
Q212P__bottom,Q193__bottom,0.6172436542935519
Q212P__bottom,Q203P__bottom,0.5194798430501059
Q212P__bottom,Q209P__bottom,0.6173131011493455
Q212P__bottom,Q213P__bottom,0.5158338831209417
Q212P__bottom,Q214P__bottom,0.6092919893051842
Q212P__bottom,Q215P__bottom,0.7269349630195493
Q212P__bottom,Q216P__bottom,0.5862703566096045
Q212P__bottom,Q217P__bottom,0.5330914267856522
Q212P__bottom,Q219P__bottom,0.6827494010208688
Q212P__bottom,Q220P__bottom,0.7084215536625799
Q214P__bottom,Q183__bottom,0.5121604794147404
Q214P__bottom,Q186__bottom,0.5059763661882556
Q214P__bottom,Q193__bottom,0.519191572851782
Q214P__bottom,Q203P__bottom,0.5366985784740353
Q214P__bottom,Q209P__bottom,0.6491375016978314
Q214P__bottom,Q213P__bottom,0.6169692579345316
Q214P__bottom,Q215P__bottom,0.6704233706532217
Q214P__bottom,Q216P__bottom,0.6903608457463667
Q214P__bottom,Q217P__bottom,0.6016887762031965
Q214P__bottom,Q219P__bottom,0.594941003505862
Q214P__bottom,Q220P__bottom,0.5482955011735355
Q215P__bottom,Q183__bottom,0.6039334173648698
Q215P__bottom,Q193__bottom,0.6196522577296656
Q215P__bottom,Q203P__bottom,0.5354415362942092
Q215P__bottom,Q209P__bottom,0.6007266256395047
Q215P__bottom,Q213P__bottom,0.5437829020538296
Q215P__bottom,Q216P__bottom,0.6803403277229925
Q215P__bottom,Q217P__bottom,0.5653592348187143
Q215P__bottom,Q219P__bottom,0.762289612219174
Q215P__bottom,Q220P__bottom,0.7014952319989496
Q254P__top,Q151P,0.6527513926007019
Q254P__top,Q165P,0.62248187494049
Q254P__top,Q168P,0.6366762556624673
Q254P__top,Q170P__top,0.506113008040533
Q254P__top,Q183__bottom,0.5975327679259831
Q254P__top,Q186__bottom,0.5244336747806293
Q254P__top,Q193__bottom,0.6068032455850497
Q254P__top,Q221P__top,0.6130631126776077
Q254P__top,Q234P__top,0.6389116024983037
Q254P__top,Q255P__top,0.628905532914785
Q254P__top,Q256P__top,0.520450122994456
Q254P__top,Q257P__top,0.6021221133017587
Q254P__top,Q45P__top,0.6417189852039505
Q255P__top,Q186__bottom,0.501337668752058
Q255P__top,Q221P__top,0.5603674035276901
Q255P__top,Q256P__top,0.7253868949621337
Q255P__top,Q257P__top,0.7015352321369773
Q142P__top,Q146P__top,0.5667830641641205
Q142P__top,Q147P__top,0.5600238793009877
Q142P__top,Q148P__top,0.5797651309846432
Q146P__top,Q147P__top,0.8323564528383806
Q146P__top,Q148P__top,0.7658500654735924
Q147P__top,Q148P__top,0.7853305112341257
Q147P__top,Q186__bottom,0.5027621632099244
Q186__bottom,Q151P,0.504507840422449
Q186__bottom,Q15P,0.5006057375460361
Q186__bottom,Q165P,0.5099364772773645
Q186__bottom,Q166P,0.5167890133820379
Q186__bottom,Q168P,0.5376450748933638
Q186__bottom,Q170P__top,0.633165342120566
Q186__bottom,Q183__bottom,0.6374426025371625
Q186__bottom,Q185__bottom,0.667086644698585
Q186__bottom,Q193__bottom,0.671828866411414
Q186__bottom,Q195__bottom,0.5440953232547984
Q186__bottom,Q209P__bottom,0.5707501453770111
Q186__bottom,Q216P__bottom,0.5089593058895647
Q186__bottom,Q22P,0.5683998836983911
Q186__bottom,Q29P__top,0.5132535375072689
Q151P,Q193__bottom,0.6043404063496153
Q151P,Q257P__top,0.5114144959268442
Q193__bottom,Q165P,0.6086755444319001
Q193__bottom,Q168P,0.6187051549118804
Q193__bottom,Q170P__top,0.5195725470026858
Q193__bottom,Q180__bottom,0.6212792725817059
Q193__bottom,Q181__bottom,0.6054628224582701
Q193__bottom,Q183__bottom,0.7807493761548279
Q193__bottom,Q185__bottom,0.5300302874449968
Q193__bottom,Q189__bottom,0.606855186507252
Q193__bottom,Q191__bottom,0.6162066610421437
Q193__bottom,Q194__bottom,0.6209755076407787
Q193__bottom,Q195__bottom,0.6190258490961388
Q193__bottom,Q209P__bottom,0.5101434367678153
Q193__bottom,Q216P__bottom,0.5040478503533535
Q193__bottom,Q219P__bottom,0.6085309307498021
Q193__bottom,Q22P,0.5154199287578338
Q257P__top,Q234P__top,0.5032446632683241
Q257P__top,Q256P__top,0.7266330506532203
Q257P__top,Q45P__top,0.5048190780415267
Q158__top,Q159__top,0.7553216807255996
Q159__top,Q162__bottom,0.5078867594923702
Q15P,Q170P__top,0.518499244170198
Q15P,Q171P__top,0.5300085044344551
Q170P__top,Q166P,0.5131361736503811
Q170P__top,Q168P,0.5286677908937606
Q170P__top,Q183__bottom,0.5102926297766364
Q170P__top,Q185__bottom,0.5127499814140213
Q170P__top,Q209P__bottom,0.543192846762076
Q170P__top,Q20P,0.5060342477634873
Q170P__top,Q22P,0.5552003568507917
Q170P__top,Q29P__top,0.5405050429955641
Q171P__top,Q64P__top,0.510520153871885
Q44P__top,Q45P__top,0.6401369863013698
Q165P,Q166P,0.71575281907586
Q165P,Q168P,0.7759293768788171
Q165P,Q183__bottom,0.5919583225648489
Q166P,Q168P,0.8424428793439804
Q168P,Q183__bottom,0.5938564295870119
Q183__bottom,Q179__bottom,0.6056368522268496
Q183__bottom,Q180__bottom,0.6277842907385698
Q183__bottom,Q181__bottom,0.6161781540345552
Q183__bottom,Q185__bottom,0.5256634757568682
Q183__bottom,Q189__bottom,0.6069480752133123
Q183__bottom,Q190__bottom,0.5931006452268455
Q183__bottom,Q191__bottom,0.6151219316218713
Q183__bottom,Q192__bottom,0.5879291585281124
Q183__bottom,Q194__bottom,0.6104528644197893
Q183__bottom,Q195__bottom,0.6038018522842244
Q183__bottom,Q216P__bottom,0.5010701221884971
Q183__bottom,Q219P__bottom,0.5938477777358917
Q183__bottom,Q22P,0.5199237294731107
Q195__bottom,Q189__bottom,0.5502063456256054
Q195__bottom,Q190__bottom,0.5864451557181324
Q195__bottom,Q191__bottom,0.5600551738915003
Q195__bottom,Q194__bottom,0.559988835391808
Q209P__bottom,Q201P__bottom,0.5061704066802966
Q209P__bottom,Q213P__bottom,0.6063748552848732
Q209P__bottom,Q216P__bottom,0.648512283679917
Q209P__bottom,Q217P__bottom,0.6188388304554524
Q209P__bottom,Q219P__bottom,0.5457835412975459
Q209P__bottom,Q22P,0.5320097544153509
Q234P__top,Q221P__top,0.6317611649471981
Q22P,Q20P,0.6337563705406216
Q22P,Q29P__top,0.5304786649345458
Q22P,Q36P__bottom,0.5563355651044269
Q29P__top,Q20P,0.5261874469889737
Q221P__top,Q202P__top,0.6117292615289808
Q179__bottom,Q180__bottom,0.8469032972911015
Q179__bottom,Q181__bottom,0.8971459137278875
Q179__bottom,Q189__bottom,0.8681975063360461
Q179__bottom,Q190__bottom,0.6769826411441817
Q179__bottom,Q191__bottom,0.8720055018530547
Q179__bottom,Q192__bottom,0.8824488340401686
Q179__bottom,Q194__bottom,0.8364599651039876
Q180__bottom,Q181__bottom,0.8654127732076777
Q180__bottom,Q189__bottom,0.8145012539975318
Q180__bottom,Q190__bottom,0.693034626712035
Q180__bottom,Q191__bottom,0.8300054906057075
Q180__bottom,Q192__bottom,0.8151750717722166
Q180__bottom,Q194__bottom,0.8290698485800014
Q181__bottom,Q189__bottom,0.8720922517549331
Q181__bottom,Q190__bottom,0.6892820062295344
Q181__bottom,Q191__bottom,0.8801347070255304
Q181__bottom,Q192__bottom,0.8779937862957671
Q181__bottom,Q194__bottom,0.8476026941405106
Q189__bottom,Q190__bottom,0.7152961159251051
Q189__bottom,Q191__bottom,0.887233110842766
Q189__bottom,Q192__bottom,0.8767877508750311
Q189__bottom,Q194__bottom,0.8375376531004923
Q190__bottom,Q191__bottom,0.7221887429191274
Q190__bottom,Q192__bottom,0.6901144422741633
Q190__bottom,Q194__bottom,0.6941176470588235
Q191__bottom,Q192__bottom,0.8901327949870875
Q191__bottom,Q194__bottom,0.8679308451515273
Q192__bottom,Q194__bottom,0.8896215408413408
Q203P__bottom,Q201P__bottom,0.5417196670460378
Q203P__bottom,Q216P__bottom,0.5215014170627748
Q216P__bottom,Q213P__bottom,0.59008817843165
Q216P__bottom,Q217P__bottom,0.6188051115197812
Q216P__bottom,Q219P__bottom,0.6096053077996004
Q216P__bottom,Q220P__bottom,0.5395801532982093
Q219P__bottom,Q217P__bottom,0.626135635390357
Q219P__bottom,Q220P__bottom,0.8119388776732811
Q206P__top,Q204P__top,0.7476937362482085
Q206P__top,Q205P__top,0.5695348485176135
Q206P__top,Q207P__top,0.756784810674048
Q206P__top,Q208P__top,0.5445797201738641
Q204P__bottom,Q206P__bottom,0.6678869801933728
Q204P__bottom,Q207P__bottom,0.6169189418588202
Q206P__bottom,Q207P__bottom,0.7406422407695572
Q204P__top,Q205P__top,0.5035022911241648
Q204P__top,Q207P__top,0.6810795534831143
Q204P__top,Q208P__top,0.548376026968651
Q205P__top,Q207P__top,0.5244368890777731
Q207P__top,Q208P__top,0.5740898144213061
Q217P__bottom,Q213P__bottom,0.5822738924419357
Q217P__bottom,Q220P__bottom,0.5592922677958869
Q226P__bottom,Q230P__bottom,0.5365427146016561
Q237P__bottom,Q239P__bottom,0.6482664360826755
Q237P__bottom,Q245__bottom,0.6082686097098781
Q239P__bottom,Q245__bottom,0.5364987855979929
Q241__top,Q247__top,0.5341632228785843
Q252__top,Q73P__top,0.5620477933758036
Q73P__top,Q66P__top,0.5876760751968293
Q73P__top,Q67P__top,0.5696106316202433
Q73P__top,Q68P__top,0.5871974296838838
Q73P__top,Q70P__middle,0.5087758275938681
Q73P__top,Q72P__top,0.6533190392026194
Q73P__top,Q82P__top,0.5217454292585403
Q73P__top,Q84P__top,0.5139222901515371
Q73P__top,Q85P__top,0.5199678518970152
Q73P__top,Q87P__top,0.5293015566882491
Q73P__top,Q89P__top,0.518070629717371
Q62P__top,Q63P__top,0.7616057838660578
Q65P__middle,Q69P__middle,0.5639433952338366
Q65P__middle,Q70P__middle,0.5315207731615197
Q69P__middle,Q70P__middle,0.650218317639013
Q69P__middle,Q78P__middle,0.5202798674312168
Q69P__middle,Q79P__middle,0.5204153822830866
Q69P__middle,Q80P__middle,0.5155076477780273
Q69P__middle,Q81P__middle,0.508024097605427
Q70P__middle,Q78P__middle,0.5209180398031243
Q70P__middle,Q79P__middle,0.5058113093132548
Q70P__middle,Q80P__middle,0.5041794545499912
Q66P__top,Q67P__top,0.7375686543742644
Q66P__top,Q68P__top,0.6192758823844464
Q66P__top,Q85P__top,0.511916876439398
Q66P__top,Q87P__top,0.5222269830217985
Q66P__top,Q89P__top,0.5149429596700766
Q67P__top,Q68P__top,0.602957041977246
Q67P__top,Q87P__top,0.507576500588466
Q68P__top,Q79P__middle,0.5018697256051342
Q68P__top,Q82P__top,0.5143899583412748
Q68P__top,Q85P__top,0.537996569281455
Q68P__top,Q87P__top,0.5387589511803306
Q68P__top,Q89P__top,0.5365262613336238
Q85P__top,Q79P__middle,0.5041689827682045
Q85P__top,Q82P__top,0.6040794834132417
Q85P__top,Q84P__top,0.7134938890890447
Q85P__top,Q86P__top,0.6415486517196464
Q85P__top,Q87P__top,0.7314781650365064
Q85P__top,Q88P__middle,0.5574093063215365
Q85P__top,Q89P__top,0.7247534571098011
Q87P__top,Q78P__middle,0.5081853199229617
Q87P__top,Q82P__top,0.5982366717178674
Q87P__top,Q84P__top,0.7236533957845434
Q87P__top,Q86P__top,0.6215456674473068
Q87P__top,Q88P__middle,0.5567984570877531
Q87P__top,Q89P__top,0.7722164068095422
Q89P__top,Q79P__middle,0.5024255899742281
Q89P__top,Q82P__top,0.6020604925348466
Q89P__top,Q84P__top,0.6937634290121757
Q89P__top,Q86P__top,0.6149798909151011
Q89P__top,Q88P__middle,0.588314693405322
Q79P__middle,Q78P__middle,0.5639496690080348
Q79P__middle,Q80P__middle,0.7015495171794296
Q79P__middle,Q81P__middle,0.6516499065137198
Q79P__middle,Q88P__middle,0.5167264641972813
Q82P__top,Q84P__top,0.6315392960462873
Q82P__top,Q86P__top,0.5819370781099324
Q78P__bottom,Q79P__bottom,0.5899833951943739
Q78P__bottom,Q80P__bottom,0.5303281890994335
Q78P__bottom,Q81P__bottom,0.530181676108615
Q79P__bottom,Q80P__bottom,0.6848361213110296
Q79P__bottom,Q81P__bottom,0.6514619883040935
Q79P__bottom,Q88P__bottom,0.5284917720658234
Q78P__middle,Q80P__middle,0.5465229433340819
Q78P__middle,Q81P__middle,0.5308813851060599
Q80P__middle,Q81P__middle,0.6735534096863538
Q80P__middle,Q88P__middle,0.5084212890186391
Q81P__middle,Q88P__middle,0.512960056700248
Q80P__bottom,Q81P__bottom,0.684361130576968
Q80P__bottom,Q88P__bottom,0.5431601718595078
Q81P__bottom,Q88P__bottom,0.5372868488670871
Q84P__top,Q86P__top,0.6542802516343901
Q84P__top,Q88P__middle,0.5105905375848969
